year,confID,playoff,firstRound,semis,finals,o_fta,o_3pm,o_oreb,o_asts,o_stl,o_to,o_blk,d_3pa,d_oreb,d_dreb,d_asts,d_stl,d_to,d_blk,attend,tmID,W_post,L_post,num_seasons,height,weight,stint,GP,threeAttempted,dq,PostoRebounds,PostBlocks,PostthreeAttempted,PostDQ,FG%,FT%,Avg_Assists_Per_Game,Avg_Blocks_Per_Game,Avg_Steals_Per_Game,Points_Ratio,POSITION_METRIC
9,0,0,,,,725,202,340,492,285,593,142,502,401,864,684,310,561,134,141379,ATL,,,4.714285714285714,73.21428571428571,168.71428571428572,0.5,22.785714285714285,42.714285714285715,0.5,0.0,0.0,0.0,0.0,0.3892596092818697,0.7215046924988716,1.2443938752255181,0.47086887323050747,0.8509614214627254,0.0,1.784167648230385
10,0,1,0.0,,,755,114,404,547,329,590,121,530,353,821,615,347,601,133,120737,ATL,0.0,2.0,5.384615384615385,72.53846153846153,159.07692307692307,0.3076923076923077,27.0,28.76923076923077,0.38461538461538464,1.6153846153846154,0.3076923076923077,2.230769230769231,0.0,0.4161208607921378,0.7426489167204142,1.6474079596873716,0.31006084601672834,0.9308091663238721,0.09153754103864503,2.34277461540719
1,0,0,,,,577,131,305,551,222,496,90,423,326,664,596,259,426,123,90963,CHA,,,3.4615384615384617,71.6923076923077,168.84615384615384,0.0,24.46153846153846,29.692307692307693,0.6153846153846154,0.0,0.0,0.0,0.0,0.4173892331914909,0.7228907161971339,1.5369327713989518,0.23809710036500484,0.6382933214000853,0.0,1.398705027999643
2,0,1,1.0,1.0,0.0,528,153,309,467,217,474,114,369,344,567,443,257,447,124,105525,CHA,4.0,4.0,5.333333333333333,71.5,164.41666666666666,0.16666666666666666,25.166666666666668,35.666666666666664,0.4166666666666667,5.583333333333333,2.5833333333333335,8.583333333333334,0.0,0.36159991500133565,0.7652322661188941,1.6228763374237511,0.41524802623940554,0.7498560008797077,0.18767052223225847,1.5374384506882437
3,0,1,0.0,,,663,211,302,496,241,408,105,372,295,620,489,208,424,103,106670,CHA,0.0,2.0,5.384615384615385,71.3076923076923,164.92307692307693,0.0,20.692307692307693,39.69230769230769,0.6153846153846154,1.3846153846153846,0.3076923076923077,3.230769230769231,0.0,0.3931740849365491,0.7391801375222355,1.384052717304942,0.26104325318730215,0.7013009469210805,0.032490956940054744,1.6831158710497343
4,0,1,0.0,,,590,187,342,499,279,497,115,407,386,621,491,264,469,104,120061,CHA,0.0,2.0,6.363636363636363,71.18181818181819,164.45454545454547,0.0,30.818181818181817,47.0,0.2727272727272727,1.9090909090909092,0.6363636363636364,2.8181818181818183,0.09090909090909091,0.41893121589034715,0.7897306981855436,1.4687590011752407,0.34581645619411366,0.8166707689415216,0.07015685559822457,1.8722171598391875
5,0,0,,,,590,166,256,426,210,479,134,349,368,628,516,243,437,114,116383,CHA,,,6.285714285714286,72.0,167.57142857142858,0.07142857142857142,24.357142857142858,32.785714285714285,0.2857142857142857,0.0,0.0,0.0,0.0,0.394596704141212,0.7224673421764582,0.964915761025818,0.33165738436136916,0.5099272064642083,0.0,1.4271545033693873
6,0,0,,,,624,104,316,493,284,535,113,339,355,700,496,269,534,146,98054,CHA,,,6.8125,72.0625,168.4375,0.5625,21.125,18.8125,0.625,0.0,0.0,0.0,0.0,0.37430031915073053,0.6942579033875195,1.3055582796855691,0.2517138979247613,0.6594354314890987,0.0,1.5349825782423823
7,0,0,,,,777,176,347,527,315,574,155,465,370,870,522,286,619,125,106942,CHA,,,6.333333333333333,72.91666666666667,172.16666666666666,0.0,29.25,45.333333333333336,0.5,0.0,0.0,0.0,0.0,0.39799824700712105,0.6695209687346267,1.404170095040241,0.4365124511984994,0.8121908443113991,0.0,1.1366105895386693
7,0,0,,,,643,157,357,509,277,527,125,536,379,860,623,262,535,120,57635,CHI,,,5.733333333333333,72.4,165.13333333333333,0.13333333333333333,22.466666666666665,35.733333333333334,0.26666666666666666,0.0,0.0,0.0,0.0,0.3626715087043844,0.6373620962921791,1.4286701859048407,0.34242994072171395,0.7611456432961122,0.0,1.8393271011244867
8,0,0,,,,723,186,383,597,262,510,112,481,379,846,584,242,566,138,66557,CHI,,,4.642857142857143,71.5,168.0,0.21428571428571427,24.857142857142858,38.857142857142854,0.35714285714285715,0.0,0.0,0.0,0.0,0.3829108188856698,0.6537936397685711,1.584997445956082,0.26600479413302874,0.6697166146641685,0.0,1.984008104431063
9,0,0,,,,812,110,357,548,269,525,149,508,366,794,531,255,522,124,62146,CHI,,,4.6923076923076925,72.38461538461539,170.69230769230768,0.0,26.076923076923077,26.23076923076923,0.3076923076923077,0.0,0.0,0.0,0.0,0.3553175821088804,0.707898343550098,1.349932872557307,0.428422256476555,0.6805728208443139,0.0,1.4755196269819675
10,0,0,,,,693,186,307,532,249,532,138,593,359,797,610,273,489,121,66852,CHI,,,4.75,71.91666666666667,164.33333333333334,0.25,27.75,39.083333333333336,0.16666666666666666,0.0,0.0,0.0,0.0,0.4266372148231992,0.7919164485447863,1.468873025123025,0.411714461101716,0.7005300300643439,0.0,2.1923929227716417
1,0,1,1.0,0.0,,570,141,331,539,259,538,91,368,277,596,540,305,552,95,137532,CLE,3.0,3.0,5.0,70.92307692307692,162.84615384615384,0.07692307692307693,24.076923076923077,31.307692307692307,0.5384615384615384,5.538461538461538,1.0,7.0,0.0,0.4459449285035404,0.7127715117786758,1.7365338827838828,0.2818086080586081,0.815558608058608,0.17362780687173826,1.583930702787838
2,0,1,0.0,,,505,106,297,503,267,444,83,417,297,594,434,225,496,127,147373,CLE,1.0,2.0,5.266666666666667,71.86666666666666,170.93333333333334,0.06666666666666667,20.266666666666666,22.333333333333332,0.06666666666666667,2.4,0.8,2.2,0.0,0.44530271963103035,0.679635308181492,1.3168548686531143,0.2974669312169312,0.6626144063863362,0.11627485286015844,1.5093987891458032
3,0,0,,,,553,121,295,480,221,451,83,441,278,640,530,242,428,109,149084,CLE,,,4.923076923076923,71.53846153846153,168.07692307692307,0.0,23.384615384615383,28.76923076923077,0.6153846153846154,0.0,0.0,0.0,0.0,0.35495821487164636,0.7738721986701584,1.279824799036688,0.22346143834707866,0.6557957866236807,0.0,1.626788712850094
4,0,1,0.0,,,643,135,349,517,226,466,86,355,300,704,510,223,467,135,125793,CLE,1.0,2.0,6.2727272727272725,71.72727272727273,166.0,0.0,30.181818181818183,38.63636363636363,0.36363636363636365,2.0,1.0909090909090908,3.1818181818181817,0.0,0.3865647949174647,0.6974423147798305,1.542242950899368,0.2820339086047642,0.6953502268676065,0.16751743999834912,1.8935788686618487
4,0,1,1.0,0.0,,646,177,333,520,270,434,111,536,366,812,553,252,476,88,102433,CON,2.0,2.0,6.545454545454546,71.72727272727273,169.54545454545453,0.0,30.545454545454547,49.90909090909091,0.45454545454545453,2.3636363636363638,1.1818181818181819,4.363636363636363,0.0,0.4173072090749416,0.6941087070214205,1.6226570678776562,0.36789176781823835,0.8411365404747758,0.11293200071809673,1.7454772934845453
5,0,1,1.0,1.0,0.0,590,149,321,572,299,462,96,384,306,757,565,239,492,113,114017,CON,5.0,3.0,6.2727272727272725,71.0909090909091,166.63636363636363,0.0,30.0,42.45454545454545,0.09090909090909091,7.090909090909091,1.8181818181818181,9.272727272727273,0.0,0.40093981360330005,0.7850583431578276,1.949056040298887,0.31761695602400314,1.040524288720507,0.18764012652908824,1.9409472797025609
6,0,1,1.0,1.0,1.0,688,130,322,573,236,452,130,400,350,728,495,258,442,79,121944,CON,5.0,3.0,6.583333333333333,66.41666666666667,174.83333333333334,0.0,26.833333333333332,31.083333333333332,0.08333333333333333,5.833333333333333,3.4166666666666665,9.5,0.0,0.3888029703601008,0.6873791225416964,1.7740886090506585,0.44280331980462434,0.7472432560104525,0.1772924879970089,1.4512320971514356
7,0,1,1.0,0.0,,675,174,342,630,252,514,153,508,370,783,528,273,486,103,126096,CON,3.0,2.0,5.357142857142857,67.07142857142857,174.92857142857142,0.07142857142857142,24.785714285714285,36.42857142857143,0.07142857142857142,4.357142857142857,2.0,6.5,0.0,0.38288827153382227,0.8009485879395754,1.6391086897900025,0.396701247998441,0.6515463849358127,0.09805291496100725,1.568645276402678
8,0,1,0.0,,,615,195,354,619,272,540,156,485,337,842,581,246,524,85,135490,CON,1.0,2.0,5.538461538461538,66.92307692307692,173.3846153846154,0.0,26.46153846153846,44.0,0.3076923076923077,2.0,1.1538461538461537,5.3076923076923075,0.0,0.40588110642611736,0.7434024004236502,1.6939728195384305,0.42593804825139664,0.7408164453696128,0.0971349206701152,1.8196682495080339
9,0,1,0.0,,,723,221,370,607,211,487,97,496,360,840,554,252,499,104,129951,CON,1.0,2.0,4.153846153846154,71.15384615384616,168.0,0.0,25.384615384615383,51.30769230769231,0.23076923076923078,2.4615384615384617,0.3076923076923077,4.230769230769231,0.0,0.4070904030851012,0.7529782409301301,1.762199678878996,0.2505385853867827,0.6935365993904893,0.10749176160673993,2.4917739491611153
10,0,0,,,,692,202,358,608,250,453,130,488,329,945,525,248,549,125,115496,CON,,,3.9285714285714284,71.64285714285714,169.14285714285714,0.0,24.142857142857142,45.642857142857146,0.42857142857142855,0.0,0.0,0.0,0.0,0.3839605927119392,0.6948060807113893,1.6609178929671258,0.3234711180762971,0.6787210456545038,0.0,2.1270444159397868
1,0,0,,,,699,76,341,503,260,530,88,372,331,640,513,284,543,148,107289,DET,,,6.076923076923077,71.46153846153847,162.92307692307693,0.0,25.153846153846153,21.0,0.3076923076923077,0.0,0.0,0.0,0.0,0.4056314504846063,0.7608117752841778,1.3651883215452532,0.23494405880088037,0.7588176015418276,0.0,1.6463024030560574
2,0,0,,,,542,143,324,469,225,498,82,340,279,702,438,262,483,109,109348,DET,,,6.083333333333333,71.83333333333333,164.58333333333334,0.0,26.416666666666668,33.75,0.25,0.0,0.0,0.0,0.0,0.40230255619006,0.7460974946952187,1.37162031379867,0.24059413738238636,0.6873412218888423,0.0,1.727357825958899
3,0,0,,,,651,110,360,478,201,541,132,447,314,669,465,277,443,139,94171,DET,,,6.133333333333334,71.73333333333333,165.26666666666668,0.26666666666666666,21.866666666666667,24.266666666666666,0.06666666666666667,0.0,0.0,0.0,0.0,0.37116338282265976,0.6529862657724398,1.3622574955908289,0.35904135338345866,0.5522877796342709,0.0,1.8930063651779527
4,0,1,1.0,1.0,1.0,882,125,379,545,263,608,158,541,390,674,504,309,497,129,133647,DET,6.0,2.0,6.923076923076923,72.23076923076923,165.69230769230768,0.23076923076923078,26.46153846153846,24.846153846153847,0.23076923076923078,6.6923076923076925,2.923076923076923,7.923076923076923,0.0,0.4089711013301139,0.6024933056672841,1.6516796520472992,0.4721688850365321,0.8109044822280117,0.14213908119488589,2.144182803087809
5,0,1,0.0,,,792,62,397,564,277,513,148,533,325,730,515,289,496,131,160860,DET,1.0,2.0,5.733333333333333,72.33333333333333,167.0,0.06666666666666667,21.666666666666668,13.933333333333334,0.4,2.0,0.8666666666666667,1.0,0.0,0.44958457554940573,0.6168090813525601,1.3363873849286563,0.33816774825076534,0.7725611071056991,0.0,1.8664766221915778
6,0,1,0.0,,,774,76,412,474,241,571,155,456,273,745,473,272,520,136,159356,DET,0.0,2.0,6.933333333333334,71.86666666666666,166.53333333333333,0.5333333333333333,22.933333333333334,15.866666666666667,0.7333333333333333,1.8,0.5333333333333333,1.2,0.13333333333333333,0.36812021963362324,0.6959127131255062,1.4070655523870095,0.40107920760976584,0.6797957184851973,0.039426831438428483,2.188362662556861
7,0,1,1.0,1.0,1.0,746,136,406,572,213,537,137,561,324,760,474,275,506,108,159453,DET,7.0,3.0,5.923076923076923,72.46153846153847,170.0,0.15384615384615385,26.23076923076923,31.846153846153847,0.3076923076923077,8.538461538461538,3.0,6.461538461538462,0.0,0.3724186276700672,0.6943636266765162,2.20217579366335,0.41933782657764557,0.8862849537340487,0.9944259389645561,1.98339243717499
8,0,1,1.0,1.0,0.0,785,158,380,563,227,564,117,610,309,780,546,276,529,117,165738,DET,6.0,5.0,6.285714285714286,72.21428571428571,170.15384615384616,0.14285714285714285,21.214285714285715,31.571428571428573,0.5714285714285714,9.285714285714286,2.2857142857142856,12.0,0.21428571428571427,0.3459271525726858,0.6743117712775555,1.7425923301872068,0.37383883905468346,0.7700747051019822,0.2507107889153061,2.1575259801072653
9,0,1,1.0,1.0,1.0,744,168,405,604,278,496,118,616,324,761,520,229,572,119,162669,DET,7.0,2.0,5.473684210526316,72.63157894736842,171.47058823529412,0.5263157894736842,17.94736842105263,25.05263157894737,0.3157894736842105,4.421052631578948,1.736842105263158,5.894736842105263,0.05263157894736842,0.3574733794022098,0.7822065248300379,1.7125653067928108,0.40930018269789065,0.7178316166007168,0.27269309796545443,1.2439522849725337
10,0,1,1.0,0.0,,721,153,373,575,261,546,97,611,320,781,524,279,531,110,136069,DET,3.0,2.0,5.722222222222222,72.66666666666667,172.13333333333333,0.2777777777777778,17.5,24.22222222222222,0.5,3.1666666666666665,1.2222222222222223,3.611111111111111,0.05555555555555555,0.36135528388299304,0.7165108270404569,1.4287605210232113,0.33941624009246346,0.7836128592683398,0.1253467756756913,1.2941611933214643
1,1,1,1.0,1.0,1.0,634,172,273,494,284,440,104,418,290,612,473,233,480,85,196077,HOU,6.0,0.0,5.0,72.07692307692308,166.15384615384616,0.0,26.153846153846153,44.76923076923077,0.15384615384615385,5.538461538461538,1.0,8.23076923076923,0.0,0.44442376199410344,0.7836077204152987,1.7878346162341325,0.3961444127234107,1.1359074570970331,0.13753842007125958,1.4938185572434222
2,1,1,0.0,,,539,138,348,426,251,436,95,456,297,685,452,248,433,120,181115,HOU,0.0,2.0,4.7272727272727275,71.9090909090909,167.63636363636363,0.0,29.636363636363637,39.54545454545455,0.18181818181818182,1.5454545454545454,0.8181818181818182,3.272727272727273,0.0,0.36653075386878853,0.6586463265072279,1.331727411768641,0.30530059021438327,0.7644585799008587,0.05752993697766886,2.007564867548775
3,1,1,0.0,,,585,109,299,450,260,455,126,489,309,664,446,262,464,71,188648,HOU,1.0,2.0,5.8,71.4,159.53333333333333,0.4,22.866666666666667,27.466666666666665,0.06666666666666667,3.2,1.0666666666666667,3.8,0.0,0.3780088456947572,0.6405198941738987,1.5236831275072082,0.41869864962476744,0.9838011182317338,0.1256846363309236,1.3115664231803563
4,1,1,0.0,,,600,115,266,465,231,450,129,500,298,708,516,227,430,122,150203,HOU,1.0,2.0,5.583333333333333,71.66666666666667,162.33333333333334,0.0,24.083333333333332,28.666666666666668,0.16666666666666666,2.75,1.0,3.0833333333333335,0.0,0.405652246325395,0.7586528601797213,1.7686859803042203,0.4008899668879508,0.7378355122502418,0.061940154332251175,1.351774298977326
5,1,0,,,,615,123,311,451,242,484,107,434,335,720,539,258,471,129,137455,HOU,,,6.153846153846154,72.0,161.6153846153846,0.0,23.615384615384617,27.53846153846154,0.15384615384615385,0.0,0.0,0.0,0.0,0.35041451552317937,0.7250286734436968,1.1632752678028435,0.28277433776799027,0.6550384742398586,0.0,1.1082191721966395
6,1,1,1.0,0.0,,690,62,276,467,246,425,105,423,274,687,541,197,481,111,120676,HOU,2.0,3.0,7.266666666666667,71.53333333333333,156.33333333333334,0.5333333333333333,23.6,18.666666666666668,0.3333333333333333,2.8,0.8666666666666667,3.1333333333333333,0.0,0.39826881038102435,0.8020547983299525,1.7476858914742548,0.3339691027926322,0.851400846950719,0.0,1.5941826880445222
7,1,1,0.0,,,678,169,303,532,252,566,84,496,337,787,526,298,519,89,130586,HOU,0.0,2.0,7.214285714285714,71.35714285714286,160.85714285714286,0.07142857142857142,23.428571428571427,42.57142857142857,0.42857142857142855,0.8571428571428571,0.6428571428571429,1.7857142857142858,0.0,0.4202397224305875,0.7610970099684194,1.8044577744616161,0.23463176263571944,0.7380762894932733,0.043514233846570924,1.693776408747543
8,1,0,,,,721,126,374,558,289,633,109,581,342,721,588,310,568,160,138816,HOU,,,5.933333333333334,71.4,160.86666666666667,0.0,22.0,24.266666666666666,0.2,0.0,0.0,0.0,0.0,0.39987523980407835,0.8114660099781897,1.6849904800137085,0.24915576236259346,0.8254552169250418,0.0,1.6322701221250964
9,1,0,,,,736,152,376,556,295,599,120,580,349,743,542,313,555,165,111951,HOU,,,5.857142857142857,71.28571428571429,168.92857142857142,0.07142857142857142,22.142857142857142,34.285714285714285,0.5,0.0,0.0,0.0,0.0,0.34732038919541514,0.7068043092099928,1.3940561072914015,0.3029081212904742,0.7496975519034342,0.0,1.815324206721448
1,0,0,,,,569,193,285,501,271,518,126,358,321,633,528,267,476,75,180270,IND,,,3.1333333333333333,72.33333333333333,168.0,0.13333333333333333,20.466666666666665,34.733333333333334,0.6,0.0,0.0,0.0,0.0,0.4265229540733248,0.6784726270739369,1.2105420403773095,0.29553777516856866,0.6089911125328473,0.0,1.6250648077526164
2,0,0,,,,591,157,286,458,242,491,118,367,306,660,565,256,466,140,138922,IND,,,4.923076923076923,71.92307692307692,166.76923076923077,0.15384615384615385,24.615384615384617,34.30769230769231,0.38461538461538464,0.0,0.0,0.0,0.0,0.40249904119514474,0.7903024162772276,1.2756977784246097,0.3470198507014776,0.6541841124246184,0.0,1.9645818371003942
3,0,1,0.0,,,580,180,315,447,268,438,100,464,288,644,507,226,470,145,134945,IND,1.0,2.0,5.153846153846154,71.15384615384616,165.76923076923077,0.23076923076923078,24.153846153846153,41.76923076923077,0.46153846153846156,2.6153846153846154,0.3076923076923077,4.153846153846154,0.07692307692307693,0.3690032472537552,0.7869810739633747,1.6017027736507714,0.28374254978120383,0.8703800378647432,0.08612570720345793,1.7902209944180698
4,0,0,,,,563,210,334,539,299,474,121,421,309,677,570,227,512,170,141778,IND,,,5.461538461538462,71.3076923076923,164.23076923076923,0.15384615384615385,25.846153846153847,46.15384615384615,0.38461538461538464,0.0,0.0,0.0,0.0,0.3437658756735476,0.7607106080744905,1.4208362165873925,0.3212980848654473,0.7561408472389414,0.0,1.8786051829243933
5,0,0,,,,580,166,396,555,261,486,134,352,281,688,514,268,466,162,128989,IND,,,6.583333333333333,72.58333333333333,169.41666666666666,0.0,26.333333333333332,40.083333333333336,1.0,0.0,0.0,0.0,0.0,0.3606625135939016,0.7324222616979341,1.6037559560537502,0.3702533679555738,0.730325454773984,0.0,2.256110425679418
6,0,1,1.0,0.0,,595,150,341,493,336,477,95,367,279,711,435,234,558,113,142494,IND,2.0,2.0,5.833333333333333,71.66666666666667,168.0,0.0,27.583333333333332,39.0,0.5,4.166666666666667,0.9166666666666666,3.8333333333333335,0.16666666666666666,0.38732389784367666,0.7605905158263903,1.4531649512199796,0.2666661874916144,0.9495531139743663,0.08667208814952626,2.1065093273425863
7,0,1,0.0,,,676,171,339,501,354,528,93,444,288,773,507,259,617,105,122768,IND,0.0,2.0,7.153846153846154,71.76923076923077,169.46153846153845,0.0,27.615384615384617,50.61538461538461,0.23076923076923078,2.076923076923077,0.6153846153846154,3.0,0.15384615384615385,0.3996185467202934,0.7001190277695646,1.564169980346451,0.3394549894549895,1.1019064056148455,0.048319934782278987,2.782508029179856
8,0,1,1.0,0.0,,617,188,341,511,308,589,136,483,369,795,475,280,610,114,133915,IND,3.0,3.0,6.833333333333333,72.58333333333333,175.16666666666666,0.0,27.5,45.5,0.4166666666666667,4.666666666666667,1.75,10.0,0.08333333333333333,0.40001073860417513,0.8029905285466237,1.7010776532835357,0.4755432476020711,1.0253780805251393,0.16080919141891695,2.25055522844634
9,0,1,0.0,,,656,226,349,500,324,585,165,415,338,833,477,294,608,130,130941,IND,1.0,2.0,5.8,72.0,173.2,0.26666666666666666,23.133333333333333,44.13333333333333,0.4,1.4666666666666666,0.7333333333333333,4.333333333333333,0.0,0.37296455859618693,0.7663902982864315,1.3594577205948175,0.4371718675589643,0.8381873028405287,0.41535199458329936,1.7420679812491957
10,0,1,1.0,1.0,0.0,746,213,342,527,373,531,117,483,318,849,498,271,638,116,134964,IND,6.0,4.0,5.642857142857143,71.85714285714286,173.71428571428572,0.0,24.0,45.5,0.42857142857142855,6.357142857142857,3.5714285714285716,12.571428571428571,0.14285714285714285,0.41057638954004194,0.8108826774508562,1.7280465684970632,0.4771710472230599,1.0588951550806052,0.23741934871171563,2.034511392043759
1,1,1,1.0,0.0,,693,150,308,586,271,466,156,413,300,678,445,243,485,105,105005,LAS,2.0,2.0,6.454545454545454,72.63636363636364,165.0909090909091,0.0,28.09090909090909,41.09090909090909,1.1818181818181819,4.454545454545454,1.1818181818181819,6.7272727272727275,0.09090909090909091,0.43530927423584753,0.7399285577352128,1.9317746008471814,0.49320544151189305,0.8643271423916586,0.10821588891196825,1.9062695594029286
2,1,1,1.0,1.0,1.0,594,160,350,596,281,438,138,603,294,627,538,234,453,114,148446,LAS,6.0,1.0,6.538461538461538,71.84615384615384,164.23076923076923,0.0,27.23076923076923,42.76923076923077,1.1538461538461537,9.76923076923077,9.153846153846153,9.538461538461538,0.0,0.42541510842356,0.7424514557386708,2.3889769705922266,0.9949716443962185,1.080843018964436,0.1594500899585872,1.8604751913155937
3,1,1,1.0,1.0,1.0,645,194,329,583,257,517,161,521,314,645,508,275,453,111,186410,LAS,6.0,0.0,6.714285714285714,73.07142857142857,170.07142857142858,0.21428571428571427,23.142857142857142,39.42857142857143,1.7857142857142858,4.5,3.2857142857142856,6.857142857142857,0.14285714285714285,0.40970677026131425,0.6994753106755686,1.9378791907017714,0.6871761638898735,0.9216916148367761,0.15661294753593166,1.707150021708903
4,1,1,1.0,1.0,0.0,678,174,336,587,242,470,161,540,316,789,572,241,468,127,157934,LAS,5.0,4.0,5.666666666666667,72.33333333333333,172.33333333333334,0.13333333333333333,21.133333333333333,35.2,0.8,5.333333333333333,3.2,8.2,0.13333333333333333,0.3549991064012867,0.7414088132606558,1.7258029555100547,0.6288038624009253,0.7601050051709238,0.49362720823720607,1.6216848392813605
5,1,1,0.0,,,722,157,312,626,262,529,148,511,339,727,532,288,523,114,177269,LAS,1.0,2.0,6.642857142857143,72.5,172.0,0.0,25.357142857142858,31.142857142857142,0.7857142857142857,2.0714285714285716,1.2857142857142858,2.857142857142857,0.07142857142857142,0.43057359781197374,0.6688806834900789,1.801291342088618,0.6029954600685775,0.7752861934247383,0.05130655031630634,1.735830962654319
6,1,1,0.0,,,630,124,321,551,264,492,136,519,332,709,567,247,544,115,150521,LAS,0.0,2.0,6.428571428571429,72.35714285714286,168.21428571428572,0.14285714285714285,22.928571428571427,27.642857142857142,0.42857142857142855,1.0,0.35714285714285715,2.142857142857143,0.0,0.4022035082534901,0.6683623776464334,1.5745119195390094,0.31495899611224687,0.7503840822919771,0.05172222148742507,1.8855228127289345
7,1,1,1.0,0.0,,726,111,350,610,296,534,129,570,336,746,565,284,556,128,141282,LAS,2.0,3.0,5.6,72.93333333333334,170.53333333333333,0.0,25.4,26.466666666666665,0.7333333333333333,4.4,1.8666666666666667,4.733333333333333,0.06666666666666667,0.37734210747716274,0.7316791568788409,1.7638768285091815,0.5323750129681503,0.8637614119721964,0.11147356097383541,1.5010096624351723
8,1,0,,,,627,160,356,554,245,571,107,537,343,836,616,290,550,137,147810,LAS,,,5.8,72.6,164.4,0.5333333333333333,22.933333333333334,30.4,0.4,0.0,0.0,0.0,0.0,0.376348184374738,0.7517262349188816,1.546637037492345,0.2986828961237345,0.6729740269496862,0.0,1.423485412149184
9,1,1,1.0,0.0,,717,151,386,613,251,608,216,547,359,768,513,303,523,141,161639,LAS,3.0,3.0,5.6875,67.9375,167.4375,0.125,24.375,31.9375,0.375,5.1875,3.3125,5.625,0.125,0.36095328465181087,0.7626038306183893,1.8532363606838718,0.6706097711349621,0.700622227135174,0.14373018645346805,2.552215135176076
10,1,1,1.0,0.0,,550,152,365,587,217,568,166,636,320,730,516,300,463,115,176587,LAS,3.0,3.0,6.545454545454546,71.36363636363636,170.36363636363637,0.0,29.545454545454547,46.54545454545455,0.36363636363636365,7.2727272727272725,2.5454545454545454,7.7272727272727275,0.18181818181818182,0.41752666434518804,0.7809573044254324,2.058316657241009,0.6622759409933202,0.780586477258426,0.13535842100925347,2.952142590648792
1,0,0,,,,664,85,365,415,272,524,88,315,275,648,416,247,528,118,127721,MIA,,,3.0,71.53846153846153,162.30769230769232,0.15384615384615385,25.23076923076923,23.846153846153847,0.38461538461538464,0.0,0.0,0.0,0.0,0.3509157637332239,0.6655501486024742,1.1668838006493094,0.24315248853710392,0.769076776201466,0.0,0.919694555678076
2,0,1,0.0,,,469,93,292,467,300,448,153,395,301,667,388,259,512,87,141717,MIA,1.0,2.0,4.666666666666667,71.91666666666667,160.33333333333334,0.0,25.75,24.583333333333332,0.4166666666666667,2.5,0.5833333333333334,2.8333333333333335,0.08333333333333333,0.39043407443717837,0.7500655913521966,1.396665849449614,0.4358990147783251,0.8843550446998721,0.0,1.5449329921362482
3,0,0,,,,529,129,296,476,274,435,96,382,278,693,446,222,515,104,141252,MIA,,,5.266666666666667,72.2,163.93333333333334,0.26666666666666666,20.666666666666668,25.933333333333334,0.26666666666666666,0.0,0.0,0.0,0.0,0.3693220567392774,0.6928510898699142,1.259633468386176,0.26760867963454166,0.7233750901311349,0.0,1.2631694360868546
1,1,0,,,,592,204,258,495,237,497,63,481,300,677,472,275,547,130,116638,MIN,,,3.4615384615384617,70.76923076923077,167.46153846153845,0.15384615384615385,22.846153846153847,43.92307692307692,0.8461538461538461,0.0,0.0,0.0,0.0,0.38349550902951485,0.6905318515096363,1.4445054945054945,0.16176739926739925,0.6433836996336997,0.0,1.7785787482578055
2,1,0,,,,727,176,308,437,210,507,127,472,328,688,511,259,470,126,120607,MIN,,,5.666666666666667,72.25,173.33333333333334,0.0,23.166666666666668,43.583333333333336,0.5833333333333334,0.0,0.0,0.0,0.0,0.3674590557618614,0.7493294787503357,1.3795786520080877,0.3340268509119315,0.6490772593595174,0.0,1.6810484823612495
3,1,0,,,,578,166,309,466,226,529,102,389,302,612,495,273,465,117,139874,MIN,,,6.166666666666667,72.0,173.58333333333334,0.25,22.833333333333332,40.75,0.5833333333333334,0.0,0.0,0.0,0.0,0.38417656066452327,0.6232318432259111,1.510149324164897,0.2905120652154393,0.6252889984814345,0.0,1.066531911734719
4,1,1,0.0,,,624,180,361,580,242,558,101,446,337,652,528,271,471,126,120253,MIN,1.0,2.0,5.909090909090909,72.54545454545455,169.1818181818182,0.09090909090909091,26.09090909090909,47.45454545454545,0.5454545454545454,1.1818181818181819,0.6363636363636364,4.0,0.0,0.4120312115707651,0.7643529770709524,1.6968043789075329,0.3144088969003907,0.6930893426079253,0.05366476729589873,1.050893283447674
5,1,1,0.0,,,640,177,332,526,257,613,139,330,323,713,508,333,502,133,125097,MIN,0.0,2.0,5.75,73.0,175.16666666666666,0.0,26.25,44.833333333333336,0.25,0.9166666666666666,0.6666666666666666,2.0833333333333335,0.0,0.34821698080934643,0.7222542228311323,1.4108612402243619,0.41083149935727326,0.6405852708115639,0.042853977825779765,1.2406314145264035
6,1,0,,,,601,172,310,531,258,536,127,376,344,711,537,275,487,144,113447,MIN,,,5.533333333333333,71.33333333333333,166.66666666666666,0.4666666666666667,20.6,32.6,0.2,0.0,0.0,0.0,0.0,0.2904505095252314,0.7224004680644845,1.2643051253396935,0.30768045107456043,0.5662548094591655,0.0,1.5569487952503496
7,1,0,,,,681,148,340,491,193,530,113,542,372,832,625,308,438,124,109522,MIN,,,5.181818181818182,72.0,170.0909090909091,0.0,28.363636363636363,37.27272727272727,0.2727272727272727,0.0,0.0,0.0,0.0,0.4045674483926769,0.7233626705171398,1.3796317542016316,0.3184057006882788,0.5254363972153006,0.0,1.8232230353516892
8,1,0,,,,674,163,397,596,238,561,95,461,318,800,565,279,529,147,121019,MIN,,,4.333333333333333,71.41666666666667,162.5,0.08333333333333333,25.666666666666668,41.0,0.4166666666666667,0.0,0.0,0.0,0.0,0.3432401538757592,0.7599220289662334,1.7229990517834477,0.26348039215686275,0.6494468427873267,0.0,1.9370916819362105
9,1,0,,,,864,133,353,557,309,472,131,486,350,862,587,248,579,140,118463,MIN,,,4.133333333333334,71.8,170.26666666666668,0.26666666666666666,23.4,27.533333333333335,0.8,0.0,0.0,0.0,0.0,0.3929574141254482,0.7108930642617372,1.2613607189247604,0.27667165008720984,0.6827328588025932,0.0,1.8830348052245873
10,1,0,,,,766,242,325,509,301,513,128,510,317,848,589,250,543,140,128127,MIN,,,2.923076923076923,72.76923076923077,174.30769230769232,0.15384615384615385,25.846153846153847,53.46153846153846,0.3076923076923077,0.0,0.0,0.0,0.0,0.39586413692610584,0.7831680241513707,1.3703685762122293,0.39678567046988095,0.8988863690489078,0.0,1.6715120950982665
1,0,1,1.0,1.0,0.0,567,135,288,477,246,474,102,420,320,647,462,223,479,94,231962,NYL,4.0,3.0,4.769230769230769,72.23076923076923,179.3846153846154,0.0,21.846153846153847,30.46153846153846,0.5384615384615384,4.769230769230769,1.9230769230769231,5.846153846153846,0.15384615384615385,0.3786733465800473,0.7240165484338096,1.5018032897039373,0.32341536703388035,0.7896370679809546,0.18868688772082243,1.3023009848806955
2,0,1,1.0,0.0,,500,160,255,553,265,437,82,394,304,679,430,223,496,76,250565,NYL,3.0,3.0,5.0,71.6,169.13333333333333,0.0,19.666666666666668,28.066666666666666,0.4,3.7333333333333334,1.4,4.933333333333334,0.06666666666666667,0.48855886808514387,0.6688251324427307,1.4222886473429952,0.30020531400966183,0.692463768115942,0.0907186753816696,1.3081450520653126
3,0,1,1.0,1.0,0.0,567,145,260,496,261,458,100,434,312,649,410,228,478,88,234717,NYL,4.0,4.0,6.545454545454546,72.0909090909091,171.72727272727272,0.0,25.727272727272727,36.36363636363637,0.45454545454545453,5.454545454545454,1.2727272727272727,9.818181818181818,0.0,0.41307723427467286,0.6745673593584448,1.845991382974202,0.3593610164963601,0.9118691295847678,0.351542192521182,1.3409195899477266
4,0,0,,,,537,181,271,527,262,470,128,467,326,736,506,269,480,96,212346,NYL,,,6.666666666666667,71.66666666666667,169.91666666666666,0.0,26.083333333333332,41.666666666666664,0.4166666666666667,0.0,0.0,0.0,0.0,0.40735948434184427,0.8023299063789855,1.4622004553949886,0.335000807926799,0.7281243324202084,0.0,1.7846428803811583
5,0,1,1.0,0.0,,531,216,263,539,209,506,124,416,371,730,517,288,430,123,168062,NYL,2.0,3.0,6.75,72.08333333333333,168.83333333333334,0.16666666666666666,25.75,51.416666666666664,0.25,3.75,1.6666666666666667,8.833333333333334,0.08333333333333333,0.4046619820257542,0.7110626414528176,1.7913592363782118,0.46510150717930604,0.7608159030775253,0.13347740340886946,1.903727337014465
6,0,1,0.0,,,552,208,242,498,214,462,112,398,345,685,473,275,411,86,172381,NYL,0.0,2.0,5.866666666666666,71.93333333333334,167.4,0.06666666666666667,21.133333333333333,40.333333333333336,0.26666666666666666,0.4,0.26666666666666666,1.6666666666666667,0.06666666666666667,0.35697993489097973,0.8237523955597292,1.1297884305237247,0.2661283977460448,0.47558560720325427,0.04027169444387817,1.4639061175741455
7,0,0,,,,650,216,285,475,252,576,112,461,341,832,508,270,485,134,155048,NYL,,,5.428571428571429,72.21428571428571,160.5,0.14285714285714285,23.857142857142858,46.07142857142857,0.35714285714285715,0.0,0.0,0.0,0.0,0.32571106068517974,0.7742919989260462,1.1833457777050214,0.28032784831104157,0.6527036572204639,0.0,1.613394840139246
8,0,1,0.0,,,580,243,287,500,289,612,109,589,378,837,509,321,562,115,147866,NYL,1.0,2.0,4.285714285714286,72.35714285714286,173.21428571428572,0.21428571428571427,23.214285714285715,46.642857142857146,0.14285714285714285,1.3571428571428572,0.5714285714285714,3.9285714285714284,0.0,0.40905953912052245,0.7106896115277054,1.226153000385107,0.25281774151666936,0.7247958940629543,0.06767537937665057,1.6937806249418825
9,0,1,1.0,0.0,,653,259,327,551,290,547,117,485,352,823,496,285,559,109,153772,NYL,3.0,3.0,4.0,71.84615384615384,173.07692307692307,0.0,28.076923076923077,54.30769230769231,0.3076923076923077,3.3846153846153846,1.6153846153846154,8.923076923076923,0.0,0.4137933133952521,0.7571425433956389,1.6065187193023678,0.37264439233571606,0.8224000813734504,0.14706720952439933,2.1572138220402004
10,0,0,,,,582,254,280,526,276,543,121,554,333,869,482,269,548,124,166604,NYL,,,3.5454545454545454,72.72727272727273,179.1818181818182,0.0,32.09090909090909,64.54545454545455,0.2727272727272727,0.0,0.0,0.0,0.0,0.41123002010617155,0.7886644923182771,1.4507103116728786,0.344982242208178,0.7713751823043267,0.0,2.28720462543992
1,0,1,0.0,,,546,145,319,473,255,486,130,450,348,669,536,264,500,108,117810,ORL,1.0,2.0,4.538461538461538,71.15384615384616,166.76923076923077,0.0,23.46153846153846,32.61538461538461,0.38461538461538464,1.6923076923076923,1.0769230769230769,3.0,0.0,0.4129220302052155,0.734091977384122,1.364224429416737,0.3534115243730628,0.7455966469428007,0.04729347693161853,1.0574807151041918
2,0,0,,,,587,174,356,452,320,532,125,438,316,659,534,298,546,114,118874,ORL,,,5.916666666666667,72.16666666666667,174.58333333333334,0.0,25.833333333333332,44.333333333333336,0.25,0.0,0.0,0.0,0.0,0.3822823436631093,0.7023376988651978,1.3046654326066092,0.375249597216509,0.9328504216371863,0.0,1.0263333266342285
3,0,0,,,,646,145,320,446,295,456,113,422,362,684,519,251,541,108,113837,ORL,,,6.071428571428571,72.5,173.64285714285714,0.21428571428571427,22.357142857142858,32.92857142857143,0.35714285714285715,0.0,0.0,0.0,0.0,0.3901515987181499,0.7611022402373996,1.187648020083365,0.33134134589918796,0.8560827786877565,0.0,1.3357428585301747
1,1,1,0.0,,,661,124,275,465,285,429,91,416,334,635,486,224,531,91,161075,PHO,0.0,2.0,3.4285714285714284,72.21428571428571,165.5,0.0,21.714285714285715,28.142857142857142,0.35714285714285715,0.8571428571428571,0.7142857142857143,2.857142857142857,0.0,0.378333146054924,0.743297716263405,1.438630089132427,0.27589701203061867,0.8264245214214717,0.06487927408056685,1.9713019096821889
2,1,0,,,,587,101,300,514,292,519,138,391,333,698,524,283,517,127,136979,PHO,,,3.5555555555555554,71.5,159.66666666666666,0.05555555555555555,18.5,17.38888888888889,0.3333333333333333,0.0,0.0,0.0,0.0,0.2883235802530255,0.7787554374843412,1.4573401589655761,0.3068137142386308,0.7187499448240549,0.0,1.5718317299132167
3,1,0,,,,538,100,292,427,267,501,94,388,309,692,532,268,491,127,139798,PHO,,,4.2,73.06666666666666,165.26666666666668,0.13333333333333333,21.733333333333334,21.866666666666667,0.06666666666666667,0.0,0.0,0.0,0.0,0.39885840293106173,0.7444964163463514,1.0383804713199292,0.3041896358364334,0.6611358609833364,0.0,1.4361969198237987
4,1,0,,,,556,116,357,461,310,479,111,371,303,811,509,275,610,146,144511,PHO,,,5.190476190476191,71.57142857142857,160.52380952380952,0.14285714285714285,16.761904761904763,16.61904761904762,0.38095238095238093,0.0,0.0,0.0,0.0,0.3283379793660245,0.6959823319640502,0.9096002595615599,0.2535203315776071,0.584817882495901,0.0,1.197451159279953
5,1,0,,,,598,192,264,501,282,464,137,348,309,711,456,226,536,137,136295,PHO,,,5.857142857142857,73.35714285714286,172.0,0.35714285714285715,24.428571428571427,37.07142857142857,0.9285714285714286,0.0,0.0,0.0,0.0,0.40818408673504564,0.7223433679375173,1.1915058237654932,0.3580166081059562,0.7149794202032096,0.0,1.3410883687627966
6,1,0,,,,693,178,342,549,243,517,179,332,319,705,470,265,483,112,124146,PHO,,,5.6,73.06666666666666,170.86666666666667,0.2,21.333333333333332,35.93333333333333,0.8,0.0,0.0,0.0,0.0,0.40066427786966496,0.7398869765536173,1.4331138018193461,0.5809404748082908,0.6857315399397887,0.0,1.812752960772441
7,1,0,,,,684,265,334,640,275,442,127,618,408,875,578,231,537,126,126801,PHO,,,5.6875,71.875,160.375,0.125,20.875,45.125,0.5625,0.0,0.0,0.0,0.0,0.3815346829625726,0.7235439502578295,1.5493059374756815,0.3794107079537582,0.7814363549942233,0.0,2.207493403387936
8,1,1,1.0,1.0,1.0,754,283,279,683,285,486,159,762,445,945,628,244,595,109,131524,PHO,7.0,2.0,6.769230769230769,72.15384615384616,166.0,0.0,24.615384615384617,61.69230769230769,0.38461538461538464,8.0,3.3076923076923075,19.76923076923077,0.07692307692307693,0.39647566874345114,0.733481358110799,2.1150763455668167,0.5106223120923846,0.9106686266048117,0.1771951884170592,1.6070746220192176
9,1,0,,,,773,230,375,560,232,489,156,695,440,858,650,234,500,129,144867,PHO,,,5.214285714285714,72.14285714285714,168.14285714285714,0.0,23.642857142857142,50.07142857142857,0.7857142857142857,0.0,0.0,0.0,0.0,0.4117022998459373,0.7697286775862372,1.376216726945651,0.4637968032040402,0.6150526454959795,0.0,1.6987276547940542
10,1,1,1.0,1.0,1.0,752,257,284,625,225,500,181,608,421,864,607,260,460,143,144884,PHO,7.0,4.0,5.0,71.84615384615384,163.3846153846154,0.0,27.53846153846154,66.07692307692308,0.46153846153846156,8.153846153846153,4.230769230769231,24.307692307692307,0.3076923076923077,0.457215574660638,0.8696739577572383,2.5139977037510244,0.7063869084741949,0.863927975882435,0.298436040995999,1.4615222113896844
1,1,0,,,,697,145,309,480,265,593,93,447,307,646,487,277,531,130,133076,POR,,,4.666666666666667,72.16666666666667,167.41666666666666,0.0,27.75,36.083333333333336,0.9166666666666666,0.0,0.0,0.0,0.0,0.3891879233578228,0.6572097905771966,1.3021369367639528,0.2576575362361652,0.7336327371105597,0.0,1.3447520622269258
2,1,0,,,,612,172,300,451,244,500,106,410,343,763,501,293,474,144,137656,POR,,,4.769230769230769,71.61538461538461,169.3846153846154,0.0,25.615384615384617,39.92307692307692,0.23076923076923078,0.0,0.0,0.0,0.0,0.4192749691966086,0.6631036411795708,1.1812558883109914,0.2867438830723705,0.6446232928343997,0.0,1.875090865343652
3,1,0,,,,564,127,307,492,239,493,120,348,334,678,486,272,508,139,128656,POR,,,4.538461538461538,71.6923076923077,170.23076923076923,0.0,25.46153846153846,30.076923076923077,0.0,0.0,0.0,0.0,0.0,0.38625857134456987,0.7214599989416727,1.2861132217169369,0.30880062115830614,0.6269474497459366,0.0,1.7422933880330347
1,1,1,0.0,,,650,142,388,567,332,458,157,418,320,631,503,226,524,116,126841,SAC,0.0,2.0,5.416666666666667,71.16666666666667,162.25,0.0,25.5,38.25,0.4166666666666667,1.5833333333333333,0.3333333333333333,2.6666666666666665,0.08333333333333333,0.39990348955363153,0.6616843121682435,1.6931484244523036,0.4540851569407604,0.9652036361626878,0.06275054675558345,1.215942036334434
2,1,1,1.0,0.0,,618,163,374,558,276,494,158,400,343,662,496,261,481,143,133603,SAC,3.0,2.0,5.384615384615385,71.76923076923077,162.92307692307693,0.0,23.53846153846154,32.53846153846154,0.38461538461538464,3.769230769230769,1.5384615384615385,6.153846153846154,0.0,0.45412124978042373,0.7828014455370073,1.8022858657238041,0.5221888209966752,0.8236946550410786,0.1908495060065541,1.3118906609110852
3,1,0,,,,653,112,301,500,247,456,109,453,352,723,493,233,496,128,144179,SAC,,,5.642857142857143,72.64285714285714,165.85714285714286,0.0,21.071428571428573,28.214285714285715,0.5714285714285714,0.0,0.0,0.0,0.0,0.3826483367291236,0.6369317155892481,1.3798145562572854,0.286982836612906,0.7214595512117891,0.0,1.1664074322062072
4,1,1,1.0,0.0,,626,150,349,568,297,461,122,467,345,751,516,224,576,141,155578,SAC,3.0,3.0,7.454545454545454,72.63636363636364,164.36363636363637,0.0,31.181818181818183,43.0,0.6363636363636364,4.636363636363637,1.7272727272727273,6.818181818181818,0.0,0.3933118097349651,0.6417076532874079,1.7874549692731512,0.3891854580357253,0.8937181356967453,0.13678306256497713,1.477983082417842
5,1,1,1.0,0.0,,604,129,389,519,314,485,118,458,310,676,513,241,593,117,147544,SAC,3.0,3.0,6.916666666666667,72.5,165.58333333333334,0.0,29.75,30.416666666666668,0.25,5.083333333333333,2.75,6.0,0.0,0.4071062353541666,0.667375299806442,1.5748058314234783,0.37608012902130544,0.9525920974450387,0.13200136939261256,1.8070670011805
6,1,1,1.0,1.0,1.0,721,129,369,527,304,500,108,376,273,694,463,235,622,132,145213,SAC,7.0,1.0,6.5,72.5,163.91666666666666,0.0,26.75,30.0,0.08333333333333333,5.666666666666667,1.25,6.666666666666667,0.08333333333333333,0.38657445817224984,0.7254266841576941,1.836268320459497,0.3197217270746682,0.9341317587641117,0.21048587531833782,2.2615909639614644
7,1,1,1.0,1.0,0.0,741,157,418,509,330,542,88,507,294,725,507,244,633,143,147739,SAC,6.0,3.0,6.8,72.9,166.6,0.0,29.6,37.4,0.2,9.2,1.9,11.6,0.0,0.4088566042788518,0.7182278301887286,1.8492347991089844,0.2786445012787723,1.017395429420015,0.2601594367241834,2.062966098425932
8,1,1,0.0,,,745,153,452,537,325,611,101,547,308,718,542,274,649,141,142575,SAC,1.0,2.0,6.75,73.0,166.83333333333334,0.0,26.083333333333332,33.083333333333336,0.4166666666666667,2.6666666666666665,1.0,2.6666666666666665,0.0,0.40145901058502625,0.786282061590241,1.4840915722349546,0.30842484721161184,0.852129620787709,0.08811679410218734,2.4773505001653717
9,1,1,0.0,,,816,168,388,473,319,586,77,542,308,767,581,267,624,206,139066,SAC,1.0,2.0,5.153846153846154,72.53846153846153,165.46153846153845,0.0,25.307692307692307,31.384615384615383,0.23076923076923078,1.8461538461538463,0.3076923076923077,2.5384615384615383,0.07692307692307693,0.40866883921648933,0.7149006642380038,1.35259039602931,0.2064264355553948,0.8899079992405784,0.2010339437734824,2.0037996285470263
10,1,0,,,,744,132,391,540,289,584,98,604,326,702,627,262,576,147,131654,SAC,,,5.153846153846154,72.61538461538461,172.15384615384616,0.23076923076923078,23.923076923076923,28.0,0.15384615384615385,0.0,0.0,0.0,0.0,0.4318997968446891,0.7961148733927845,1.4308393396884445,0.23117706012846673,0.7520933844974765,0.0,2.206784458635096
4,1,0,,,,736,93,350,428,187,513,167,482,389,783,530,275,424,140,176526,SAS,,,5.2727272727272725,66.0,173.54545454545453,0.0,31.272727272727273,28.636363636363637,0.7272727272727273,0.0,0.0,0.0,0.0,0.3566437423256179,0.7348921814840093,1.1815417884022037,0.4580322797920486,0.5167511839251978,0.0,1.9538220280222902
5,1,0,,,,628,79,302,493,272,513,106,469,324,710,575,280,492,129,142717,SAS,,,5.0,68.13333333333334,169.4,0.2,22.933333333333334,16.466666666666665,0.3333333333333333,0.0,0.0,0.0,0.0,0.4270951571075396,0.699791959883847,1.2122595554359,0.2493991763455391,0.7261535299638326,0.0,1.738598126797967
6,1,0,,,,652,110,256,433,195,535,90,408,351,704,563,283,429,148,135054,SAS,,,6.416666666666667,71.91666666666667,164.41666666666666,0.0,25.25,28.25,0.5833333333333334,0.0,0.0,0.0,0.0,0.38364815798137997,0.7330481404461324,1.333994848343912,0.1285263071316202,0.6005597141219202,0.0,1.492297093659395
7,1,0,,,,672,189,354,540,246,488,83,459,372,865,560,254,480,129,125749,SAS,,,6.0,72.0,162.9,0.0,26.9,42.9,0.1,0.0,0.0,0.0,0.0,0.39297617361109516,0.7586054632715664,1.6464842790724716,0.18932771907389956,0.7439316117308369,0.0,2.4438547932458414
8,1,1,1.0,0.0,,577,207,323,567,283,558,130,454,361,776,516,257,583,137,128680,SAS,2.0,3.0,6.8,72.0,169.3,0.0,27.0,35.1,0.1,5.5,2.4,8.7,0.1,0.40491623539890115,0.7507356668667078,1.98679459926263,0.49613013584880594,0.8821738576853665,0.17278724113728244,1.9407638798384141
9,1,1,1.0,1.0,0.0,694,183,246,601,272,525,150,483,389,817,500,278,528,109,135722,SAS,4.0,5.0,5.666666666666667,71.41666666666667,162.8181818181818,0.0,23.5,39.5,0.25,4.416666666666667,2.3333333333333335,8.833333333333334,0.0,0.32237587017516306,0.7847462467108604,1.7626944124423964,0.42232542882744495,0.9109674655541591,0.18616496008398192,1.2970570135703172
10,1,1,0.0,,,626,256,281,598,257,509,116,499,364,824,529,268,502,120,127957,SAS,1.0,2.0,7.111111111111111,70.77777777777777,166.33333333333334,0.0,30.0,74.66666666666667,0.5555555555555556,2.888888888888889,0.6666666666666666,5.0,0.0,0.41722932092436427,0.7813497058691307,2.1962963031809952,0.3823237004827661,0.9098816181510188,0.09673242180980128,2.147138770143089
1,1,0,,,,561,109,256,390,255,525,93,334,288,721,506,284,529,123,142594,SEA,,,3.5,72.21428571428571,161.64285714285714,0.21428571428571427,23.285714285714285,26.0,0.2857142857142857,0.0,0.0,0.0,0.0,0.34895827550988284,0.6867529298005682,1.1166610622089321,0.253015370827778,0.7157481595898764,0.0,1.0285198184124655
2,1,0,,,,606,128,306,412,273,431,127,325,296,756,492,228,519,127,95257,SEA,,,4.461538461538462,73.15384615384616,167.15384615384616,0.0,25.076923076923077,31.692307692307693,0.46153846153846156,0.0,0.0,0.0,0.0,0.3639316058059104,0.6928813334057842,1.1599297487560087,0.3429443468899702,0.7408468097625923,0.0,1.1448382217577195
3,1,1,0.0,,,543,182,362,514,282,477,151,342,307,662,488,254,531,125,111774,SEA,0.0,2.0,4.8,71.86666666666666,164.6,0.4,20.866666666666667,33.733333333333334,0.3333333333333333,1.0,0.5333333333333333,2.466666666666667,0.0,0.3757785830860316,0.7320940250130354,1.4879837169192744,0.41101794840399325,0.8386032852461767,0.043780711078743845,1.4111222720843997
4,1,0,,,,567,166,342,548,232,465,138,437,352,689,456,245,459,104,120857,SEA,,,5.428571428571429,72.07142857142857,166.64285714285714,0.14285714285714285,24.5,35.714285714285715,0.5714285714285714,0.0,0.0,0.0,0.0,0.38958131763539544,0.7581716221355456,1.2677137835420906,0.342535189377152,0.6043596955725921,0.0,1.4998948731712656
5,1,1,1.0,1.0,1.0,676,167,350,552,302,499,131,391,303,679,507,252,527,137,134291,SEA,6.0,2.0,6.75,72.41666666666667,167.83333333333334,0.0,27.166666666666668,36.583333333333336,0.6666666666666666,7.083333333333333,2.5833333333333335,7.583333333333333,0.0,0.4120179912846167,0.7478088035675682,1.7776475874053925,0.43981202591303964,0.9642518693306245,0.22854753915319537,1.10812336790379
6,1,1,0.0,,,688,142,323,520,201,516,158,419,334,686,568,267,438,154,151150,SEA,1.0,2.0,5.846153846153846,73.15384615384616,168.76923076923077,0.0,25.923076923076923,33.0,0.7692307692307693,1.3076923076923077,0.5384615384615384,3.6923076923076925,0.0,0.4268494250402888,0.7633604202502096,1.41502533977179,0.39465453410686674,0.5754232920561522,0.05501087902191293,1.0202959153513251
7,1,1,0.0,,,712,160,327,514,232,570,127,484,322,709,520,297,485,115,145664,SEA,1.0,2.0,6.285714285714286,72.85714285714286,170.85714285714286,0.14285714285714285,23.857142857142858,33.92857142857143,0.35714285714285715,1.5,1.1428571428571428,4.571428571428571,0.07142857142857142,0.3657309321715036,0.7106937272636352,1.308420433052786,0.3913569137833844,0.6359848960951903,0.05681382514742149,1.2402473242015617
8,1,1,0.0,,,715,224,344,533,242,533,151,528,333,761,591,272,495,112,135553,SEA,0.0,2.0,6.533333333333333,73.2,172.13333333333333,0.06666666666666667,24.8,50.733333333333334,0.13333333333333333,1.8,0.9333333333333333,4.2,0.06666666666666667,0.3862603296846352,0.767020294582096,1.3263307682597087,0.5069062563958854,0.6406221476691933,0.05110967475737786,1.164006303974709
9,1,1,0.0,,,728,143,340,530,269,526,140,539,332,760,498,263,515,115,140503,SEA,1.0,2.0,5.5,73.28571428571429,170.07142857142858,0.14285714285714285,25.071428571428573,32.357142857142854,0.2857142857142857,1.8571428571428572,0.5714285714285714,2.7857142857142856,0.0,0.3526018609369547,0.7189612172821463,1.3448992691903017,0.38793265777499075,0.7629387665780503,0.0831337775470571,1.5840499452560763
10,1,1,0.0,,,707,171,316,536,276,555,150,585,332,746,517,275,555,131,133858,SEA,1.0,2.0,5.615384615384615,72.46153846153847,176.0,0.0,23.615384615384617,37.38461538461539,0.7692307692307693,1.4615384615384615,1.1538461538461537,3.8461538461538463,0.15384615384615385,0.3516707724515647,0.717120876844174,1.641768018569763,0.48725219065224173,1.1579821540183166,0.10587754059955584,1.7889331111753297
1,1,0,,,,790,88,348,522,214,544,157,448,313,598,503,301,437,112,103442,UTA,,,4.5,68.0,168.57142857142858,0.14285714285714285,21.571428571428573,18.714285714285715,0.42857142857142855,0.0,0.0,0.0,0.0,0.3913279210868878,0.8023069048057021,1.6017014032919603,0.3826106287730315,0.6495521296405214,0.0,1.6009773887202223
2,1,1,0.0,,,675,78,295,524,202,493,156,429,344,630,478,275,390,148,110507,UTA,0.0,2.0,4.666666666666667,66.41666666666667,168.33333333333334,0.0,24.333333333333332,20.333333333333332,0.5833333333333334,1.5,1.0833333333333333,1.5833333333333333,0.16666666666666666,0.3534429984620726,0.677326747178885,1.5572987933955382,0.4559338046613058,0.6114024058595119,0.17757335328823085,1.600091655994585
3,1,1,1.0,,,844,89,347,478,228,522,178,377,361,645,489,260,444,149,118720,UTA,2.0,3.0,4.6923076923076925,66.6923076923077,170.92307692307693,0.23076923076923078,24.615384615384617,19.0,0.5384615384615384,3.5384615384615383,2.3846153846153846,3.769230769230769,0.07692307692307693,0.4182529917910239,0.7343949271057444,1.501596902201741,0.5530731812989879,0.7409488361101264,0.11803804977997608,1.7522139146794526
1,0,1,0.0,,,578,109,300,521,245,506,126,397,299,612,513,261,456,102,244134,WAS,0.0,2.0,4.076923076923077,72.46153846153847,169.46153846153845,0.0,23.0,25.76923076923077,0.23076923076923078,1.0769230769230769,0.46153846153846156,1.6923076923076923,0.0,0.3760497493199378,0.7373495568547696,1.5032288638175582,0.339909356736024,0.6865763307873853,0.05065819300217285,2.266548529437841
2,0,0,,,,504,117,356,424,257,495,127,408,331,737,487,261,454,103,246667,WAS,,,4.642857142857143,72.28571428571429,166.35714285714286,0.0,22.857142857142858,29.857142857142858,0.21428571428571427,0.0,0.0,0.0,0.0,0.3320779344872865,0.6010293369013127,1.0396717914084432,0.3084065297420414,0.6164667421473595,0.0,2.202167354891148
3,0,1,1.0,,,478,164,330,516,221,455,94,446,309,680,442,237,441,101,259237,WAS,3.0,2.0,5.571428571428571,72.0,166.85714285714286,0.14285714285714285,22.714285714285715,31.642857142857142,0.21428571428571427,3.142857142857143,1.0,5.142857142857143,0.0,0.3699523787745048,0.6471566707652818,1.5945196000236324,0.2635190929142542,0.6799888485170743,0.1481225024932946,2.5209331671913966
4,0,0,,,,507,157,382,568,213,462,99,482,334,781,591,251,468,119,238710,WAS,,,5.428571428571429,71.21428571428571,158.78571428571428,0.14285714285714285,24.357142857142858,36.07142857142857,0.35714285714285715,0.0,0.0,0.0,0.0,0.3666440258549556,0.737632138605967,1.321960692691243,0.22639615637718105,0.5698464372088661,0.0,2.5360738077452236
5,0,1,0.0,,,661,105,337,467,255,424,128,425,336,770,534,237,492,111,214448,WAS,1.0,2.0,6.833333333333333,72.16666666666667,161.25,0.0,26.333333333333332,23.583333333333332,0.08333333333333333,2.8333333333333335,1.25,1.9166666666666667,0.0,0.38291459842004166,0.7070625081988718,1.4507740095442827,0.4234595915165474,0.7649266382055586,0.08002282950278632,1.9919310823787642
6,0,0,,,,546,181,266,517,260,435,76,433,267,757,545,205,504,108,171501,WAS,,,6.923076923076923,71.0,158.3846153846154,0.07692307692307693,24.23076923076923,39.23076923076923,0.5384615384615384,0.0,0.0,0.0,0.0,0.38911209173210476,0.7020323282244741,1.2850221673751085,0.18234684705272938,0.7254974328503739,0.0,1.711738471816811
7,0,1,0.0,,,715,187,330,576,306,541,113,553,321,720,583,252,573,89,133255,WAS,0.0,2.0,6.5,71.83333333333333,169.66666666666666,0.0,28.083333333333332,43.5,1.25,2.5,0.25,2.6666666666666665,0.08333333333333333,0.4440042558335815,0.7511944632057589,1.6450831594560282,0.322670773298171,0.9053361113583299,0.031300654157198765,1.4923725746536887
8,0,0,,,,839,163,335,472,282,571,133,520,383,825,549,256,579,103,133255,WAS,,,5.8,72.6,173.26666666666668,0.2,23.533333333333335,35.2,0.6666666666666666,0.0,0.0,0.0,0.0,0.37204222521310365,0.8351892584613096,1.0846656407756976,0.3149435805602788,0.8117689408771002,0.0,1.6998598721581506
9,0,0,,,,659,163,362,483,241,637,93,528,306,787,542,314,530,146,154637,WAS,,,4.625,71.625,167.375,0.5625,22.8125,28.75,0.5,0.0,0.0,0.0,0.0,0.36672221494599566,0.5945221994881845,1.190281909675292,0.21004048035298034,0.5613743486905252,0.0,1.2198687805539394
10,0,1,0.0,,,827,139,388,453,314,607,118,478,322,789,524,315,576,156,192747,WAS,0.0,2.0,4.083333333333333,72.16666666666667,172.91666666666666,0.08333333333333333,27.333333333333332,35.5,0.5,2.0833333333333335,0.6666666666666666,2.6666666666666665,0.16666666666666666,0.3884029922538265,0.7270031072153648,1.282487726273305,0.3413667886509442,0.8913364180797768,0.05399439618052407,1.224838467352414
