year,confID,rank,playoff,firstRound,semis,finals,o_fgm,o_fga,o_ftm,o_fta,o_3pm,o_3pa,o_oreb,o_dreb,o_reb,o_asts,o_pf,o_stl,o_to,o_blk,o_pts,d_fgm,d_fga,d_ftm,d_fta,d_3pm,d_3pa,d_oreb,d_dreb,d_reb,d_asts,d_pf,d_stl,d_to,d_blk,d_pts,GP,min,attend,win_percentage,loss_percentage,home_win_percentage,home_loss_percentage,away_win_percentage,away_loss_percentage,conference_win_percentage,conference_loss_percentage,tmID,W_post,L_post,GS_weighted_mean,minutes_weighted_mean,points_weighted_mean,oRebounds_weighted_mean,dRebounds_weighted_mean,rebounds_weighted_mean,assists_weighted_mean,steals_weighted_mean,blocks_weighted_mean,turnovers_weighted_mean,PF_weighted_mean,fgAttempted_weighted_mean,fgMade_weighted_mean,ftAttempted_weighted_mean,ftMade_weighted_mean,threeAttempted_weighted_mean,total_points_weighted_mean,total_rebounds_weighted_mean,total_assists_weighted_mean,total_blocks_weighted_mean,total_steals_weighted_mean,total_turnovers_weighted_mean,FG%_weighted_mean,FT%_weighted_mean,award_weighted_mean,Avg_Points_Per_Game_weighted_mean,Avg_Rebounds_Per_Game_weighted_mean,Avg_Assists_Per_Game_weighted_mean,Avg_Blocks_Per_Game_weighted_mean,Avg_Steals_Per_Game_weighted_mean,Avg_Turnovers_Per_Game_weighted_mean,Usability_weighted_mean,POSITION_METRIC_weighted_mean,num_trophies
4,0,,1,,,,,,,0.34839393939393937,0.5647272727272727,,0.29784848484848486,,,0.3403333333333334,,0.24081818181818182,0.11927272727272728,0.2883333333333334,,,,,,,0.13257575757575757,0.2595454545454545,0.10042424242424243,,0.3112727272727273,,0.20260606060606065,0.16115151515151518,0.297969696969697,,,,0.23660606060606063,,,,,,,,,CHA,,,,,,,,,,,,,,,,,,,,,,12.081185094673213,,,0.39977894709940653,0.7324366354901878,,,3.74481362075056,,,,,0.5994396612935968,0.3285653829222529,0.0
4,0,,1,,,,,,,0.1668787878787879,0.2497878787878788,,0.2657575757575758,,,0.3455757575757576,,0.2776969696969697,0.2006969696969697,0.1341515151515152,,,,,,,0.25412121212121214,0.09730303030303031,0.1453030303030303,,0.37372727272727274,,0.2877878787878788,0.26330303030303026,0.31942424242424244,,,,0.4474848484848485,,,,,,,,,CLE,,,,,,,,,,,,,,,,,,,,,,9.057026489914943,,,0.40913783039648,0.7303117086394794,,,3.797070845077009,,,,,0.598434330906998,0.29905768163199076,0.060606060606060615
4,0,,1,,,,,,,0.3666060606060606,0.4196666666666667,,0.42809090909090913,,,0.20357575757575758,,0.6126363636363636,0.32827272727272727,0.3597272727272728,,,,,,,0.25481818181818183,0.4428787878787879,0.2852424242424243,,0.46312121212121216,,0.4696060606060607,0.5797575757575758,0.28900000000000003,,,,0.28848484848484857,,,,,,,,,CON,,,,,,,,,,,,,,,,,,,,,,11.277157764838883,,,0.41323933707404714,0.7378009794138796,,,3.6278027684430354,,,,,0.6243405897250899,0.4018049945571593,0.0
4,0,,1,,,,,,,0.36003030303030303,0.2576666666666667,,0.49915151515151523,,,0.29521212121212126,,0.13721212121212123,0.5154242424242425,0.3245454545454546,,,,,,,0.2052121212121212,0.20415151515151517,0.29433333333333334,,0.23948484848484852,,0.5025151515151516,0.2797272727272727,0.4336666666666667,,,,0.21027272727272728,,,,,,,,,DET,,,,,,,,,,,,,,,,,,,,,,10.198395252211906,,,0.39892059655779344,0.7163704462758496,,,3.5919452911091545,,,,,0.5499507529362899,0.41326983051490074,0.0
4,1,,1,,,,,,,0.2508787878787879,0.2739393939393939,,0.3415454545454546,,,0.18675757575757576,,0.38387878787878793,0.17339393939393938,0.3356060606060606,,,,,,,0.35469696969696973,0.2071818181818182,0.26696969696969697,,0.2081818181818182,,0.3903030303030304,0.2496969696969697,0.1273030303030303,,,,0.6395757575757577,,,,,,,,,HOU,,,,,,,,,,,,,,,,,,,,,,13.084020547336952,,,0.3927209659768003,0.7135968311279743,,,4.243843012831869,,,,,0.615016243321044,0.3344778558195138,1.1212121212121213
4,0,,0,,,,,,,0.27603030303030307,0.502909090909091,,0.29333333333333333,,,0.2184848484848485,,0.38969696969696976,0.22915151515151516,0.2913030303030303,,,,,,,0.24630303030303033,0.1628787878787879,0.21624242424242424,,0.47163636363636363,,0.27627272727272734,0.3050606060606061,0.5042727272727273,,,,0.4033030303030304,,,,,,,,,IND,,,,,,,,,,,,,,,,,,,,,,10.508162218057628,,,0.3972973298094456,0.7797896316343692,,,3.665038429924436,,,,,0.5842874420295165,0.2907580185150743,0.6060606060606061
4,1,,1,,,,,,,0.39203030303030306,0.5336060606060606,,0.4412727272727273,,,0.6742727272727274,,0.42360606060606065,0.34748484848484845,0.5886666666666667,,,,,,,0.5073333333333334,0.2218787878787879,0.19566666666666666,,0.42615151515151517,,0.4160909090909091,0.2505151515151515,0.301,,,,0.5515151515151515,,,,,,,,,LAS,,,,,,,,,,,,,,,,,,,,,,25.923533098637215,,,0.43910381233219825,0.7348149395792879,,,5.44155884481002,,,,,0.6321964076504462,0.40267837501336523,0.9393939393939394
4,1,,1,,,,,,,0.3863939393939394,0.49642424242424243,,0.30260606060606066,,,0.23200000000000004,,0.1849090909090909,0.4875757575757576,0.29387878787878785,,,,,,,0.2400909090909091,0.24493939393939396,0.19642424242424245,,0.3746666666666667,,0.4764545454545455,0.3154848484848485,0.3688181818181819,,,,0.36903030303030304,,,,,,,,,MIN,,,,,,,,,,,,,,,,,,,,,,7.772944151982072,,,0.37468177563362315,0.6932685407365392,,,3.150017479453661,,,,,0.5822612082723352,0.3460923113892189,0.060606060606060615
4,0,,0,,,,,,,0.183,0.39554545454545453,,0.08606060606060606,,,0.42272727272727273,,0.40009090909090916,0.19190909090909092,0.20345454545454547,,,,,,,0.23445454545454547,0.24072727272727276,0.24303030303030304,,0.10733333333333334,,0.19360606060606061,0.36324242424242426,0.099,,,,0.9035454545454545,,,,,,,,,NYL,,,,,,,,,,,,,,,,,,,,,,13.009530817656023,,,0.43965620339622996,0.7078671716254408,,,4.367555594615136,,,,,0.647550541022391,0.41166184348371526,0.393939393939394
4,1,,0,,,,,,,0.22472727272727275,0.17993939393939395,,0.24575757575757576,,,0.2328787878787879,,0.4808787878787879,0.41330303030303034,0.2974545454545455,,,,,,,0.16915151515151516,0.2894848484848485,0.3271818181818182,,0.46760606060606064,,0.4885757575757576,0.43266666666666675,0.39881818181818185,,,,0.40969696969696967,,,,,,,,,PHO,,,,,,,,,,,,,,,,,,,,,,9.190639130909297,,,0.3888761531067305,0.7446744751454359,,,2.8243385802847722,,,,,0.5062073247531869,0.3279556382385844,0.6060606060606061
4,1,,1,,,,,,,0.4171818181818182,0.3112424242424243,,0.4220909090909092,,,0.4548787878787879,,0.40236363636363637,0.26581818181818184,0.4266363636363637,,,,,,,0.2645454545454546,0.4500909090909091,0.34421212121212125,,0.3603939393939394,,0.29948484848484846,0.39621212121212124,0.4536060606060606,,,,0.4064545454545455,,,,,,,,,SAC,,,,,,,,,,,,,,,,,,,,,,14.959562515386857,,,0.40359712200939313,0.709669941043539,,,4.231193302045724,,,,,0.6277320200876305,0.35587562613223916,0.0
4,1,,0,,,,,,,0.7637272727272728,0.1050909090909091,,0.41763636363636364,,,0.3614848484848485,,0.16912121212121212,0.4614848484848485,0.6956363636363636,,,,,,,0.18730303030303033,0.479969696969697,0.1854848484848485,,0.33157575757575763,,0.4698787878787879,0.13703030303030303,0.5587272727272727,,,,0.2847272727272727,,,,,,,,,SAS,,,,,,,,,,,,,,,,,,,,,,23.290728615475864,,,0.4297676181711928,0.7626630492924444,,,4.992779226474937,,,,,0.6649078578825758,0.4453146371179718,0.0
4,1,,0,,,,,,,0.2326666666666667,0.44166666666666665,,0.4517878787878788,,,0.28136363636363637,,0.4858787878787879,0.24672727272727274,0.49969696969696964,,,,,,,0.046303030303030304,0.19784848484848488,0.34345454545454546,,0.346030303030303,,0.33445454545454545,0.5282424242424243,0.4040909090909091,,,,0.2508787878787879,,,,,,,,,SEA,,,,,,,,,,,,,,,,,,,,,,14.881373624782032,,,0.38102456992889444,0.7181275668329805,,,3.3230335823878994,,,,,0.5617999542703888,0.31072450337390894,0.0
4,0,,0,,,,,,,0.05766666666666667,0.37590909090909097,,0.45166666666666666,,,0.3263636363636364,,0.2551515151515152,0.2768484848484849,0.28733333333333333,,,,,,,0.258,0.2739393939393939,0.33842424242424246,,0.24721212121212122,,0.33003030303030306,0.2171818181818182,0.2274848484848485,,,,0.9747878787878789,,,,,,,,,WAS,,,,,,,,,,,,,,,,,,,,,,13.473524685477692,,,0.39891271647616555,0.6925416558490202,,,4.477043030301773,,,,,0.5823633708972443,0.40446779353764994,0.6060606060606061
5,0,,0,,,,,,,0.34290909090909094,0.5926666666666667,,0.40315151515151515,,,0.3620606060606061,,0.4064242424242424,0.2532121212121212,0.317909090909091,,,,,,,0.17484848484848486,0.4840303030303031,0.13333333333333333,,0.33584848484848484,,0.3194848484848485,0.24184848484848487,0.2506969696969697,,,,0.28330303030303033,,,,,,,,,CHA,,,,,,,,,,,,,,,,,,,,,,11.8012442630592,,,0.40867718829110244,0.7586499173419374,,,3.455726249143673,,,,,0.5907189296789217,0.34532095520282924,0.0
5,0,,1,,,,,,,0.38133333333333336,0.42839393939393944,,0.43209090909090914,,,0.21333333333333335,,0.6174848484848485,0.3145151515151515,0.3522121212121213,,,,,,,0.2664545454545455,0.44900000000000007,0.3081515151515152,,0.46657575757575764,,0.4647575757575758,0.5741212121212121,0.2800303030303031,,,,0.28387878787878795,,,,,,,,,CON,,,,,,,,,,,,,,,,,,,,,,11.015711238400423,,,0.4127426160377672,0.7370087460271835,,,3.6262993158233705,,,,,0.6209055479320456,0.4011143496635142,0.0
5,0,,1,,,,,,,0.7637878787878788,0.2673030303030303,,0.6061212121212123,,,0.436969696969697,,0.28524242424242424,0.7465757575757576,0.5342121212121211,,,,,,,0.4083939393939394,0.5108484848484849,0.28315151515151515,,0.3344848484848485,,0.6566363636363637,0.3403939393939394,0.44563636363636366,,,,0.3043939393939394,,,,,,,,,DET,,,,,,,,,,,,,,,,,,,,,,18.955942763919325,,,0.4162664287490734,0.69435785737674,,,4.793670150287682,,,,,0.5861495444845908,0.45200873219184495,1.2121212121212122
5,1,,0,,,,,,,0.2960303030303031,0.2373030303030303,,0.19003030303030305,,,0.23093939393939394,,0.29515151515151516,0.18663636363636366,0.41121212121212125,,,,,,,0.3996666666666667,0.19436363636363638,0.3306363636363637,,0.3402424242424243,,0.28615151515151516,0.19872727272727275,0.2510909090909091,,,,0.5319393939393939,,,,,,,,,HOU,,,,,,,,,,,,,,,,,,,,,,15.430712855518978,,,0.41038679289620117,0.7468782079711449,,,4.303445715643946,,,,,0.6776629993998983,0.3189437225157179,1.6060606060606062
5,0,,0,,,,,,,0.24572727272727274,0.6101212121212122,,0.3941818181818182,,,0.3875454545454545,,0.5277878787878788,0.24015151515151514,0.33212121212121215,,,,,,,0.2616666666666667,0.19563636363636366,0.25927272727272727,,0.542969696969697,,0.20936363636363636,0.40621212121212125,0.657878787878788,,,,0.40481818181818185,,,,,,,,,IND,,,,,,,,,,,,,,,,,,,,,,12.201839100711794,,,0.39185999747210387,0.7763945912627068,,,3.6417574101595043,,,,,0.586101060480656,0.35834704884774493,0.33333333333333337
5,1,,1,,,,,,,0.4670303030303031,0.5331212121212121,,0.4406666666666667,,,0.6695454545454547,,0.33533333333333337,0.33084848484848484,0.6318484848484849,,,,,,,0.4975454545454546,0.26387878787878793,0.4340606060606061,,0.5426969696969697,,0.3658787878787879,0.27815151515151515,0.3695151515151515,,,,0.5420909090909092,,,,,,,,,LAS,,,,,,,,,,,,,,,,,,,,,,24.658261337901756,,,0.40185959502273744,0.7236046529779259,,,5.535002723911459,,,,,0.639761183038961,0.37714114546455,1.0
5,1,,1,,,,,,,0.3531515151515152,0.511909090909091,,0.469,,,0.48875757575757584,,0.2569090909090909,0.5991515151515152,0.26063636363636367,,,,,,,0.2541818181818182,0.32463636363636367,0.19542424242424244,,0.43221212121212127,,0.4928181818181818,0.3050909090909091,0.385,,,,0.34339393939393936,,,,,,,,,MIN,,,,,,,,,,,,,,,,,,,,,,9.186856879160416,,,0.39402764256295864,0.7092325505825953,,,3.368622499786884,,,,,0.5706633702979241,0.35143740584651945,0.0
5,0,,1,,,,,,,0.18354545454545457,0.4782424242424243,,0.11606060606060607,,,0.43800000000000006,,0.40230303030303033,0.2446060606060606,0.34575757575757576,,,,,,,0.3054545454545455,0.29754545454545456,0.3611818181818182,,0.2750909090909091,,0.3703939393939394,0.3484242424242424,0.15636363636363637,,,,0.8155151515151515,,,,,,,,,NYL,,,,,,,,,,,,,,,,,,,,,,14.252944503084858,,,0.4304519067071878,0.7469149461035991,,,3.8539948575246763,,,,,0.6452473821063727,0.41222120070174256,0.060606060606060615
5,1,,0,,,,,,,0.20087878787878788,0.2158787878787879,,0.4281818181818182,,,0.2143030303030303,,0.5781818181818182,0.35260606060606065,0.2876666666666667,,,,,,,0.1403939393939394,0.2235757575757576,0.5228787878787879,,0.4376969696969697,,0.5075454545454545,0.6742424242424243,0.5004545454545455,,,,0.4210909090909091,,,,,,,,,PHO,,,,,,,,,,,,,,,,,,,,,,8.283787964090926,,,0.37402210860065965,0.6693267116037351,,,2.7709885197721267,,,,,0.4909321225211262,0.2973126726292398,0.33333333333333337
5,1,,1,,,,,,,0.4008484848484849,0.3442424242424243,,0.44087878787878787,,,0.5282121212121211,,0.4948181818181818,0.23278787878787882,0.37190909090909097,,,,,,,0.3205757575757576,0.45066666666666666,0.44803030303030306,,0.40227272727272734,,0.21496969696969698,0.5927575757575757,0.48751515151515157,,,,0.4603939393939394,,,,,,,,,SAC,,,,,,,,,,,,,,,,,,,,,,15.262425168958197,,,0.39790866555343185,0.6923173777743122,,,4.26078488611293,,,,,0.6000180490381635,0.36397227935761667,0.6060606060606061
5,1,,0,,,,,,,0.7557878787878788,0.10642424242424244,,0.4181818181818182,,,0.342030303030303,,0.16033333333333333,0.4533030303030303,0.6996363636363636,,,,,,,0.19190909090909092,0.5058484848484849,0.21512121212121213,,0.3370909090909091,,0.4593939393939394,0.134,0.5712727272727273,,,,0.30672727272727274,,,,,,,,,SAS,,,,,,,,,,,,,,,,,,,,,,23.630626163457478,,,0.4271265526392336,0.7616143473213202,,,4.988314250314158,,,,,0.6656131116321062,0.44379686879579594,0.0
5,1,,1,,,,,,,0.22342424242424244,0.4845757575757576,,0.49730303030303025,,,0.4722121212121213,,0.34500000000000003,0.2573030303030303,0.513969696969697,,,,,,,0.1867878787878788,0.37457575757575756,0.30972727272727274,,0.2733333333333334,,0.3331515151515152,0.3727272727272728,0.3063636363636364,,,,0.29130303030303034,,,,,,,,,SEA,,,,,,,,,,,,,,,,,,,,,,15.444958918531775,,,0.4046950373274515,0.7460223880734602,,,3.635443174830178,,,,,0.5756378672524067,0.3442075263042901,0.6060606060606061
5,0,,1,,,,,,,0.06824242424242424,0.42969696969696974,,0.5768181818181819,,,0.5188484848484849,,0.16863636363636364,0.2343939393939394,0.23542424242424242,,,,,,,0.336939393939394,0.32836363636363636,0.4699696969696969,,0.49666666666666676,,0.33306060606060606,0.2630606060606061,0.3041212121212121,,,,0.9344242424242426,,,,,,,,,WAS,,,,,,,,,,,,,,,,,,,,,,11.111714940237526,,,0.39796774738698404,0.7134988240163587,,,4.228492313175908,,,,,0.5794208765146114,0.4170584372232957,0.33333333333333337
6,0,,0,,,,,,,0.30372727272727273,0.514969696969697,,0.21660606060606064,,,0.2204848484848485,,0.25772727272727275,0.3175454545454546,0.41121212121212125,,,,,,,0.12248484848484847,0.5761515151515152,0.15372727272727274,,0.39848484848484855,,0.3394848484848485,0.2193030303030303,0.289030303030303,,,,0.2944242424242424,,,,,,,,,CHA,,,,,,,,,,,,,,,,,,,,,,13.332584729677347,,,0.42000557827139784,0.7470414843475466,,,3.0185926312366176,,,,,0.5800816133662217,0.3218173703497922,0.0
6,0,,1,,,,,,,0.3836666666666667,0.39072727272727276,,0.37642424242424244,,,0.3496666666666667,,0.5798181818181818,0.21284848484848484,0.28921212121212125,,,,,,,0.2261212121212121,0.43033333333333335,0.39481818181818185,,0.5015757575757576,,0.33375757575757575,0.5047878787878788,0.27736363636363637,,,,0.27587878787878795,,,,,,,,,CON,,,,,,,,,,,,,,,,,,,,,,11.553290542436372,,,0.42019448793304814,0.747061963424237,,,4.002776539283197,,,,,0.6289788899871952,0.41036248472230225,0.33333333333333337
6,0,,1,,,,,,,0.8340000000000001,0.10815151515151515,,0.6986666666666668,,,0.5545151515151515,,0.4342121212121212,0.6043939393939395,0.5713030303030304,,,,,,,0.48230303030303034,0.4439090909090909,0.37190909090909097,,0.40642424242424247,,0.6528181818181819,0.397969696969697,0.442969696969697,,,,0.44693939393939397,,,,,,,,,DET,,,,,,,,,,,,,,,,,,,,,,20.44069808460993,,,0.41023597978325954,0.680185233143739,,,4.8666736007313425,,,,,0.5997334212612639,0.45619706143627126,0.6666666666666667
6,1,,1,,,,,,,0.33724242424242423,0.2601818181818182,,0.25381818181818183,,,0.22381818181818183,,0.28215151515151515,0.2746363636363637,0.3431818181818182,,,,,,,0.32278787878787885,0.3038181818181819,0.3853636363636364,,0.464969696969697,,0.3395757575757576,0.25836363636363635,0.3866060606060606,,,,0.43239393939393944,,,,,,,,,HOU,,,,,,,,,,,,,,,,,,,,,,13.787604463996043,,,0.4050232590491734,0.7525606297086072,,,4.005197590058147,,,,,0.6508440963292583,0.28395338040253726,0.7272727272727274
6,0,,1,,,,,,,0.25533333333333336,0.5411515151515152,,0.6113333333333334,,,0.5226969696969697,,0.4682424242424243,0.31060606060606066,0.42221212121212126,,,,,,,0.1494848484848485,0.1336969696969697,0.3033030303030303,,0.48754545454545456,,0.36503030303030304,0.35330303030303034,0.686030303030303,,,,0.37675757575757574,,,,,,,,,IND,,,,,,,,,,,,,,,,,,,,,,13.72736925778872,,,0.3846775590805639,0.7641908773556092,,,3.628473854253434,,,,,0.5785194735184581,0.3915905100177789,0.6666666666666667
6,1,,1,,,,,,,0.5660000000000001,0.4657878787878788,,0.37624242424242427,,,0.7518181818181819,,0.36569696969696974,0.43918181818181823,0.5894848484848486,,,,,,,0.46106060606060606,0.35251515151515156,0.46451515151515155,,0.5264242424242425,,0.49706060606060604,0.4265757575757576,0.3496060606060606,,,,0.5641212121212121,,,,,,,,,LAS,,,,,,,,,,,,,,,,,,,,,,21.257286123369227,,,0.40942309334900795,0.7003130255467669,,,4.850527801686676,,,,,0.6332498110400502,0.37239341360228,1.0
6,1,,0,,,,,,,0.39190909090909093,0.5216969696969698,,0.4683333333333334,,,0.512909090909091,,0.3392727272727273,0.7927575757575759,0.3993333333333333,,,,,,,0.12833333333333333,0.3338484848484849,0.3161515151515152,,0.42500000000000004,,0.7447575757575757,0.38372727272727275,0.4345151515151515,,,,0.33142424242424245,,,,,,,,,MIN,,,,,,,,,,,,,,,,,,,,,,12.463436476988065,,,0.3883092689886204,0.721407549098857,,,3.289319352526638,,,,,0.5492537277590431,0.36062765446054534,0.6060606060606061
6,0,,1,,,,,,,0.1602727272727273,0.6245454545454546,,0.11181818181818182,,,0.4864242424242424,,0.229969696969697,0.36293939393939395,0.3981515151515152,,,,,,,0.26642424242424245,0.4796060606060606,0.4233636363636364,,0.4017272727272727,,0.5404242424242425,0.2296060606060606,0.30263636363636365,,,,0.641,,,,,,,,,NYL,,,,,,,,,,,,,,,,,,,,,,14.466648948265568,,,0.42168338425521396,0.7528452971190587,,,3.9088575565198393,,,,,0.6299641405124516,0.39206471558721917,0.0
6,1,,0,,,,,,,0.26954545454545453,0.4481212121212121,,0.26072727272727275,,,0.318,,0.5560909090909092,0.27642424242424246,0.41030303030303034,,,,,,,0.09639393939393939,0.22466666666666668,0.46630303030303033,,0.3051818181818182,,0.318969696969697,0.6484545454545454,0.5068484848484849,,,,0.4047575757575758,,,,,,,,,PHO,,,,,,,,,,,,,,,,,,,,,,11.137711460860675,,,0.39942368685617946,0.6951188751542977,,,2.9545440506662617,,,,,0.5363118868498448,0.3251931930983167,0.6666666666666667
6,1,,1,,,,,,,0.3518787878787879,0.33,,0.6112727272727273,,,0.4920606060606061,,0.6305151515151516,0.2933636363636364,0.3644848484848485,,,,,,,0.32600000000000007,0.32163636363636366,0.36190909090909096,,0.42127272727272724,,0.25212121212121213,0.7392727272727273,0.4052424242424243,,,,0.4583030303030303,,,,,,,,,SAC,,,,,,,,,,,,,,,,,,,,,,16.709517456157272,,,0.406912458765179,0.6699930861642045,,,4.076127622704612,,,,,0.5640769726210767,0.3629250615644012,0.33333333333333337
6,1,,0,,,,,,,0.7177878787878789,0.1080909090909091,,0.4295151515151515,,,0.30703030303030304,,0.2856666666666667,0.48263636363636364,0.5906363636363636,,,,,,,0.22190909090909092,0.46818181818181825,0.2854545454545455,,0.4464242424242425,,0.4703939393939394,0.26533333333333337,0.5246060606060606,,,,0.3600606060606061,,,,,,,,,SAS,,,,,,,,,,,,,,,,,,,,,,18.90183148224041,,,0.4238482018020501,0.7517943864202425,,,4.413720847696833,,,,,0.6259182866030903,0.4071831682964045,0.0
6,1,,1,,,,,,,0.3934848484848485,0.4777878787878788,,0.5047878787878788,,,0.5404545454545455,,0.4861818181818182,0.34184848484848485,0.4672727272727273,,,,,,,0.19766666666666668,0.29539393939393943,0.3022727272727273,,0.3407878787878788,,0.35212121212121217,0.44224242424242427,0.401939393939394,,,,0.3512727272727273,,,,,,,,,SEA,,,,,,,,,,,,,,,,,,,,,,17.949391447902812,,,0.4185912814909869,0.762737433689411,,,4.390809372164972,,,,,0.6040026808974979,0.36401924211219083,0.9393939393939394
6,0,,0,,,,,,,0.3138181818181819,0.2895151515151515,,0.5216666666666667,,,0.38812121212121214,,0.2795757575757576,0.13351515151515153,0.3482121212121212,,,,,,,0.2915151515151515,0.37478787878787884,0.5322424242424243,,0.5384848484848486,,0.29800000000000004,0.3510606060606061,0.3115151515151515,,,,0.8314545454545456,,,,,,,,,WAS,,,,,,,,,,,,,,,,,,,,,,13.301741616031272,,,0.4034848095043497,0.7056173905013363,,,4.1073741139748705,,,,,0.5805935665746647,0.43951998688990945,0.060606060606060615
7,0,,0,,,,,,,0.3426969696969697,0.3064545454545455,,0.2645151515151515,,,0.27687878787878784,,0.38769696969696976,0.46327272727272734,0.3734545454545455,,,,,,,0.07054545454545455,0.5289393939393939,0.27566666666666667,,0.38630303030303037,,0.42033333333333334,0.4157878787878788,0.45809090909090916,,,,0.23700000000000002,,,,,,,,,CHA,,,,,,,,,,,,,,,,,,,,,,11.132063446215469,,,0.4036353385016729,0.7058757431437986,,,2.8933064511649214,,,,,0.577110847151471,0.3296533650411564,0.0
7,0,,1,,,,,,,0.4448787878787879,0.34951515151515156,,0.38248484848484854,,,0.6126969696969697,,0.38709090909090915,0.20193939393939395,0.3564848484848485,,,,,,,0.19642424242424245,0.3891212121212122,0.46512121212121216,,0.4518787878787879,,0.36224242424242425,0.27327272727272733,0.14706060606060606,,,,0.3001212121212121,,,,,,,,,CON,,,,,,,,,,,,,,,,,,,,,,17.887210774603854,,,0.4272876857159122,0.7125363686329407,,,4.923676824146154,,,,,0.6284652685853149,0.420805719812553,0.9393939393939394
7,0,,1,,,,,,,0.7685454545454546,0.05545454545454546,,0.7764242424242425,,,0.404,,0.3618787878787879,0.6374242424242424,0.5872121212121213,,,,,,,0.3842424242424243,0.17115151515151517,0.4462727272727273,,0.3406969696969697,,0.5526363636363636,0.46560606060606063,0.4655757575757576,,,,0.4995757575757576,,,,,,,,,DET,,,,,,,,,,,,,,,,,,,,,,16.73339709977629,,,0.3947450716271233,0.6926265610478234,,,4.290599112222974,,,,,0.5828661822741588,0.46374612809162785,0.12121212121212123
7,1,,1,,,,,,,0.4614545454545455,0.10654545454545455,,0.21475757575757579,,,0.24424242424242426,,0.3051515151515152,0.16660606060606065,0.2887878787878788,,,,,,,0.26042424242424245,0.16151515151515156,0.3497272727272728,,0.5095151515151516,,0.1477878787878788,0.3263939393939394,0.34563636363636363,,,,0.34951515151515156,,,,,,,,,HOU,,,,,,,,,,,,,,,,,,,,,,12.77080344935133,,,0.41883144093705826,0.7654836358881427,,,3.867585717105201,,,,,0.6324496230177403,0.282514077660069,0.7272727272727273
7,0,,1,,,,,,,0.28833333333333333,0.4388181818181819,,0.5563333333333333,,,0.4318484848484848,,0.6546060606060606,0.31354545454545457,0.30430303030303035,,,,,,,0.11233333333333334,0.08124242424242425,0.35521212121212126,,0.2756363636363637,,0.3194848484848485,0.5195454545454545,0.45757575757575764,,,,0.3984242424242424,,,,,,,,,IND,,,,,,,,,,,,,,,,,,,,,,11.620353964795852,,,0.3894378882177638,0.7496723270917338,,,3.7615839315205757,,,,,0.5803058504714154,0.36045539865047926,0.9393939393939394
7,1,,1,,,,,,,0.47136363636363643,0.3443636363636364,,0.36603030303030304,,,0.6417878787878788,,0.4031818181818182,0.41484848484848486,0.5132727272727273,,,,,,,0.4528484848484849,0.37254545454545457,0.4044545454545455,,0.5663636363636364,,0.4219090909090909,0.5501818181818182,0.3290606060606061,,,,0.5072424242424243,,,,,,,,,LAS,,,,,,,,,,,,,,,,,,,,,,17.592410081484473,,,0.41306072117112025,0.6861301290958486,,,4.0269289954525105,,,,,0.6069226216908101,0.36549830782557025,0.393939393939394
7,1,,0,,,,,,,0.3546666666666667,0.5075151515151516,,0.3737272727272728,,,0.48545454545454547,,0.37478787878787884,0.676818181818182,0.4340303030303031,,,,,,,0.11151515151515153,0.3912424242424243,0.3732121212121212,,0.46851515151515155,,0.6473636363636365,0.3902424242424243,0.5055454545454546,,,,0.29839393939393943,,,,,,,,,MIN,,,,,,,,,,,,,,,,,,,,,,12.072167205066249,,,0.3729835326406717,0.7063037811536078,,,3.0611210441308643,,,,,0.5518992050287197,0.37042954840271614,0.33333333333333337
7,0,,0,,,,,,,0.18181818181818182,0.6655454545454546,,0.041696969696969705,,,0.4216666666666667,,0.15163636363636362,0.3021212121212121,0.35269696969696973,,,,,,,0.2086666666666667,0.48018181818181815,0.35984848484848486,,0.34345454545454546,,0.5465757575757576,0.12145454545454545,0.20681818181818185,,,,0.5740000000000001,,,,,,,,,NYL,,,,,,,,,,,,,,,,,,,,,,13.191861761428722,,,0.4193392838315567,0.7791477040892515,,,3.772955195581915,,,,,0.6137739588392446,0.34071976950041916,0.0
7,1,,0,,,,,,,0.44527272727272726,0.528969696969697,,0.3566969696969697,,,0.4700909090909091,,0.39281818181818184,0.3889393939393939,0.6397575757575757,,,,,,,0.05527272727272728,0.2678787878787879,0.3873636363636364,,0.26933333333333337,,0.3703939393939394,0.457030303030303,0.3809393939393939,,,,0.35612121212121217,,,,,,,,,PHO,,,,,,,,,,,,,,,,,,,,,,14.265493027919181,,,0.4105903273471805,0.730555748018593,,,3.4847883596383227,,,,,0.5772323039049669,0.3598609624449942,0.33333333333333337
7,1,,1,,,,,,,0.5017272727272728,0.3087575757575758,,0.6309090909090909,,,0.4671515151515152,,0.6446969696969698,0.36963636363636365,0.3212424242424242,,,,,,,0.20969696969696972,0.12781818181818183,0.3291515151515152,,0.32018181818181823,,0.2619090909090909,0.8478787878787879,0.41906060606060613,,,,0.4411515151515152,,,,,,,,,SAC,,,,,,,,,,,,,,,,,,,,,,14.509156084413052,,,0.411047350007677,0.694641560162339,,,4.186884536055622,,,,,0.5564509595271984,0.3603697369471216,0.6666666666666667
7,1,,0,,,,,,,0.435969696969697,0.16566666666666668,,0.16709090909090912,,,0.2143030303030303,,0.1783939393939394,0.5171818181818183,0.24154545454545456,,,,,,,0.2637272727272727,0.4342424242424243,0.38,,0.597939393939394,,0.5631212121212121,0.23078787878787882,0.5197575757575758,,,,0.40915151515151515,,,,,,,,,SAS,,,,,,,,,,,,,,,,,,,,,,6.886292636627884,,,0.40018817336839885,0.7324903427191942,,,2.9491340204137324,,,,,0.562242261222127,0.27199634056993127,0.0
7,1,,1,,,,,,,0.5025757575757576,0.4062727272727273,,0.43412121212121213,,,0.48609090909090913,,0.26612121212121215,0.43348484848484853,0.554060606060606,,,,,,,0.21442424242424246,0.3241818181818182,0.3091515151515152,,0.5164242424242425,,0.42475757575757583,0.3045757575757576,0.5505151515151515,,,,0.42690909090909096,,,,,,,,,SEA,,,,,,,,,,,,,,,,,,,,,,19.091179332017983,,,0.4244899544402132,0.7490173711935142,,,4.34059153383634,,,,,0.601864669742475,0.34451963138445724,0.393939393939394
7,0,,1,,,,,,,0.2733030303030303,0.41712121212121217,,0.26018181818181824,,,0.38693939393939397,,0.3680606060606061,0.10915151515151517,0.20742424242424246,,,,,,,0.26466666666666666,0.15212121212121216,0.5181515151515153,,0.5271212121212121,,0.14293939393939395,0.4162424242424243,0.28630303030303034,,,,0.6561818181818182,,,,,,,,,WAS,,,,,,,,,,,,,,,,,,,,,,10.980385525664676,,,0.41893217574364927,0.700539203497901,,,3.7300398048386265,,,,,0.6095936498608199,0.4225741777958014,0.6060606060606061
8,0,,0,,,,,,,0.421,0.43,,0.548,,,0.406,,0.484,0.52,0.405,,,,,,,0.494,0.629,0.775,,0.794,,0.433,0.56,0.363,,,,0.0,,,,,,,,,CHI,,,,,,,,,,,,,,,,,,,,,,9.99669841709441,,,0.3694801777453699,0.6745452421484753,,,3.008353639639864,,,,,0.5210774648818857,0.2651309471068349,0.0
8,0,,1,,,,,,,0.4968484848484849,0.4338181818181819,,0.43827272727272726,,,0.7423333333333333,,0.33566666666666667,0.35890909090909096,0.5154545454545454,,,,,,,0.3344848484848485,0.5195151515151515,0.5185454545454546,,0.44324242424242427,,0.45990909090909093,0.31572727272727275,0.18215151515151518,,,,0.3293636363636364,,,,,,,,,CON,,,,,,,,,,,,,,,,,,,,,,19.203438801667154,,,0.4210591601622136,0.7505404015110257,,,5.0086843211844965,,,,,0.594359038689056,0.44308622529884634,1.0
8,0,,1,,,,,,,0.700060606060606,0.22403030303030305,,0.7880606060606061,,,0.508030303030303,,0.21084848484848484,0.6063636363636363,0.5273636363636364,,,,,,,0.46790909090909094,0.22503030303030302,0.4928181818181818,,0.29803030303030303,,0.5189696969696971,0.4636363636363637,0.35330303030303034,,,,0.5054242424242426,,,,,,,,,DET,,,,,,,,,,,,,,,,,,,,,,17.209105569756964,,,0.3987514097251105,0.721095801443543,,,5.062106018055619,,,,,0.5851322367248434,0.4723616804040618,1.2121212121212122
8,1,,0,,,,,,,0.5064545454545455,0.31006060606060604,,0.2496969696969697,,,0.39421212121212124,,0.33512121212121215,0.4629696969696969,0.19215151515151518,,,,,,,0.3422424242424243,0.2743333333333333,0.48293939393939395,,0.48566666666666675,,0.43254545454545457,0.43778787878787884,0.20533333333333334,,,,0.3477272727272728,,,,,,,,,HOU,,,,,,,,,,,,,,,,,,,,,,10.714547091083256,,,0.4337727305930479,0.7647698369266916,,,4.045022186797756,,,,,0.6322885158105712,0.28678304803681853,2.151515151515152
8,0,,1,,,,,,,0.42160606060606065,0.45999999999999996,,0.4814242424242424,,,0.38115151515151513,,0.8353636363636365,0.4385757575757576,0.2165757575757576,,,,,,,0.21884848484848485,0.09863636363636365,0.47669696969696973,,0.3224545454545455,,0.36130303030303035,0.765,0.2972424242424243,,,,0.35754545454545456,,,,,,,,,IND,,,,,,,,,,,,,,,,,,,,,,11.610237001894955,,,0.39817507453627365,0.741840992945272,,,4.0264371303009,,,,,0.5985257852875864,0.3660689764692934,1.0
8,1,,0,,,,,,,0.5441212121212121,0.2542727272727273,,0.45703030303030306,,,0.686939393939394,,0.5175757575757576,0.4876666666666667,0.45390909090909093,,,,,,,0.524,0.38130303030303037,0.43824242424242427,,0.5935454545454546,,0.4993030303030303,0.617969696969697,0.38375757575757574,,,,0.44112121212121214,,,,,,,,,LAS,,,,,,,,,,,,,,,,,,,,,,15.58855669766214,,,0.41277736687845495,0.70778803441593,,,4.172085551124983,,,,,0.5513828056810424,0.3701294305457071,1.2727272727272727
8,1,,0,,,,,,,0.4426666666666667,0.4332727272727273,,0.4170303030303031,,,0.39754545454545454,,0.16951515151515156,0.5636060606060607,0.36763636363636365,,,,,,,0.3552727272727273,0.521,0.5752424242424242,,0.6776666666666666,,0.6767878787878788,0.2633030303030303,0.44633333333333336,,,,0.2683939393939394,,,,,,,,,MIN,,,,,,,,,,,,,,,,,,,,,,11.500973015398163,,,0.398515116247826,0.7204052049423155,,,3.172824837058106,,,,,0.5524452818658097,0.3775157502684813,0.6666666666666667
8,0,,1,,,,,,,0.34154545454545454,0.685,,0.1303030303030303,,,0.3296060606060606,,0.267,0.5494545454545454,0.32478787878787885,,,,,,,0.27387878787878794,0.4335151515151515,0.5549696969696969,,0.36754545454545456,,0.5052727272727273,0.25875757575757574,0.3433636363636364,,,,0.5156060606060606,,,,,,,,,NYL,,,,,,,,,,,,,,,,,,,,,,12.240035966481983,,,0.3952676015820936,0.7843715589307506,,,3.5254732139352334,,,,,0.5897452797230497,0.320646355179609,0.0
8,1,,1,,,,,,,0.5153333333333334,0.7676060606060606,,0.43048484848484847,,,0.720939393939394,,0.417969696969697,0.26321212121212123,0.5353333333333334,,,,,,,0.4280606060606061,0.5916363636363637,0.6386969696969697,,0.4953636363636364,,0.3002727272727273,0.4980909090909091,0.37763636363636366,,,,0.34151515151515155,,,,,,,,,PHO,,,,,,,,,,,,,,,,,,,,,,12.83568258045705,,,0.4190798107832399,0.7234441276677117,,,3.7434049076233276,,,,,0.5879699861480262,0.3977094118229966,0.6666666666666667
8,1,,1,,,,,,,0.6225454545454545,0.37996969696969696,,0.751969696969697,,,0.4287272727272728,,0.7171212121212122,0.508909090909091,0.21854545454545454,,,,,,,0.32533333333333336,0.11812121212121213,0.3827878787878788,,0.3535454545454546,,0.2917878787878788,0.9146666666666667,0.49436363636363645,,,,0.44260606060606067,,,,,,,,,SAC,,,,,,,,,,,,,,,,,,,,,,11.736393748417116,,,0.4102365607842937,0.7157556451823128,,,4.38423886871708,,,,,0.5295217739770374,0.34592211557445685,1.5454545454545454
8,1,,1,,,,,,,0.4691818181818182,0.42548484848484847,,0.36269696969696974,,,0.38063636363636366,,0.23415151515151517,0.42433333333333334,0.1550909090909091,,,,,,,0.2853939393939394,0.5343030303030303,0.6211515151515152,,0.5874242424242424,,0.45481818181818184,0.2845151515151515,0.4766666666666667,,,,0.3584242424242425,,,,,,,,,SAS,,,,,,,,,,,,,,,,,,,,,,6.122420760460447,,,0.4003825817889809,0.7580026935909335,,,3.434828014049268,,,,,0.5639439758982454,0.32912144262672494,0.0
8,1,,1,,,,,,,0.5633939393939393,0.41793939393939394,,0.40527272727272734,,,0.43787878787878787,,0.20912121212121212,0.6098787878787879,0.48724242424242425,,,,,,,0.31706060606060604,0.3248484848484849,0.3508181818181818,,0.4973333333333334,,0.5821515151515153,0.3161515151515152,0.43221212121212127,,,,0.4425454545454546,,,,,,,,,SEA,,,,,,,,,,,,,,,,,,,,,,16.082259162851415,,,0.4243631698451429,0.7380979914561518,,,4.345408858168737,,,,,0.5683712525074578,0.34159911174950175,1.2727272727272727
8,0,,0,,,,,,,0.4513939393939394,0.5341818181818182,,0.3193333333333333,,,0.5451212121212121,,0.5407272727272727,0.3956969696969697,0.2522727272727273,,,,,,,0.42533333333333334,0.20715151515151514,0.4456666666666667,,0.605939393939394,,0.25627272727272726,0.599030303030303,0.18987878787878792,,,,0.4627575757575758,,,,,,,,,WAS,,,,,,,,,,,,,,,,,,,,,,12.10952116475545,,,0.4409697660850142,0.7322033700575092,,,3.9794069375951606,,,,,0.6153802704083656,0.4249871543294058,0.33333333333333337
9,0,,0,,,,,,,0.5973636363636363,0.5490909090909091,,0.6598181818181819,,,0.6787272727272726,,0.4103636363636364,0.45181818181818184,0.3277272727272727,,,,,,,0.3821818181818182,0.629,0.7413636363636363,,0.674,,0.3120909090909091,0.6690909090909091,0.48390909090909084,,,,0.039999999999999994,,,,,,,,,CHI,,,,,,,,,,,,,,,,,,,,,,10.472466561668492,,,0.38784257084897,0.6847727568759661,,,3.9837029116956644,,,,,0.5825316039490135,0.4150677820126874,0.9090909090909091
9,0,,1,,,,,,,0.41300000000000003,0.5525151515151515,,0.5047878787878788,,,0.7848181818181819,,0.4092424242424243,0.515060606060606,0.591030303030303,,,,,,,0.38581818181818184,0.4594242424242424,0.6573636363636364,,0.5746969696969697,,0.3918484848484849,0.44918181818181824,0.14560606060606063,,,,0.3666060606060606,,,,,,,,,CON,,,,,,,,,,,,,,,,,,,,,,17.167031265979457,,,0.4179423222792566,0.7639589635987304,,,4.670910680035084,,,,,0.5852645076693033,0.4216304927391541,0.393939393939394
9,0,,1,,,,,,,0.7320303030303031,0.3785151515151516,,0.7076060606060607,,,0.581969696969697,,0.19454545454545458,0.6435454545454546,0.41169696969696973,,,,,,,0.6024242424242425,0.2517575757575758,0.5400909090909091,,0.43803030303030305,,0.5230303030303031,0.5052121212121212,0.3271515151515152,,,,0.5237878787878789,,,,,,,,,DET,,,,,,,,,,,,,,,,,,,,,,14.726222561461537,,,0.40495243194609887,0.7152699328431477,,,6.2857202807824795,,,,,0.6111027932803946,0.4815121752634604,1.878787878787879
9,1,,0,,,,,,,0.5707878787878788,0.3370909090909091,,0.48769696969696974,,,0.5248787878787878,,0.4676666666666667,0.8302424242424243,0.24475757575757578,,,,,,,0.5102727272727273,0.38851515151515154,0.4598787878787879,,0.5963636363636364,,0.6806969696969698,0.6036363636363637,0.46166666666666667,,,,0.38387878787878793,,,,,,,,,HOU,,,,,,,,,,,,,,,,,,,,,,9.441081360499611,,,0.4223783548713038,0.7939823521974375,,,3.940058098311133,,,,,0.6159757505762941,0.3016273198951799,1.0606060606060606
9,0,,1,,,,,,,0.4024545454545455,0.5339090909090909,,0.468,,,0.397969696969697,,0.7424242424242425,0.6716969696969698,0.3670909090909091,,,,,,,0.3312424242424242,0.3906666666666666,0.5702121212121213,,0.32181818181818184,,0.4877878787878789,0.8458787878787879,0.2961818181818182,,,,0.3622727272727273,,,,,,,,,IND,,,,,,,,,,,,,,,,,,,,,,14.444575355143613,,,0.406824444760546,0.7717905072712881,,,4.645327414010809,,,,,0.5819595383731062,0.3772035001584835,1.0
9,1,,1,,,,,,,0.4630909090909091,0.35951515151515157,,0.5232121212121212,,,0.623,,0.4095151515151515,0.6370909090909092,0.34712121212121216,,,,,,,0.5188484848484849,0.4102424242424243,0.6123030303030303,,0.7026666666666667,,0.5892727272727273,0.6242727272727273,0.45678787878787885,,,,0.4371818181818182,,,,,,,,,LAS,,,,,,,,,,,,,,,,,,,,,,11.273823218183406,,,0.40910695147606535,0.7466312170355006,,,3.8475473794091375,,,,,0.534631073875306,0.3364747910074941,0.6666666666666667
9,1,,0,,,,,,,0.491,0.4368181818181818,,0.6225757575757576,,,0.5702121212121212,,0.1998787878787879,0.6163939393939395,0.261,,,,,,,0.37575757575757585,0.3968484848484849,0.6300909090909091,,0.659909090909091,,0.6096969696969697,0.4098484848484849,0.505,,,,0.29275757575757577,,,,,,,,,MIN,,,,,,,,,,,,,,,,,,,,,,10.503836812313246,,,0.3888851690485421,0.751511946312424,,,3.515044017922638,,,,,0.5625190912929995,0.3656593657759768,0.33333333333333337
9,0,,1,,,,,,,0.3212121212121213,0.7687575757575758,,0.19803030303030306,,,0.34630303030303033,,0.4572424242424243,0.7989696969696971,0.30848484848484853,,,,,,,0.4917878787878788,0.5433939393939394,0.6853030303030303,,0.40027272727272734,,0.6950606060606062,0.5296666666666667,0.35996969696969705,,,,0.467,,,,,,,,,NYL,,,,,,,,,,,,,,,,,,,,,,11.4400328385598,,,0.4038132423314385,0.7243790493842612,,,3.6773610209531853,,,,,0.5895535999933297,0.2957726156151351,0.6060606060606061
9,1,,0,,,,,,,0.6246969696969698,0.9442121212121213,,0.2815151515151515,,,0.9233030303030304,,0.49530303030303036,0.2848484848484849,0.5652727272727273,,,,,,,0.8343636363636364,0.8877575757575759,0.8998484848484849,,0.7223030303030304,,0.29281818181818187,0.6910909090909091,0.32439393939393946,,,,0.3567575757575758,,,,,,,,,PHO,,,,,,,,,,,,,,,,,,,,,,19.880715536011273,,,0.42343400174643514,0.7712523768281012,,,4.752062560874654,,,,,0.6086553064122879,0.3946803013896964,0.9393939393939394
9,1,,1,,,,,,,0.6614848484848486,0.4113939393939394,,0.9220606060606061,,,0.467939393939394,,0.7441515151515152,0.7563333333333333,0.22245454545454546,,,,,,,0.46612121212121216,0.19212121212121214,0.40151515151515155,,0.46448484848484856,,0.4305757575757576,0.9730303030303031,0.5196060606060606,,,,0.4304545454545454,,,,,,,,,SAC,,,,,,,,,,,,,,,,,,,,,,11.09872732154967,,,0.4058131813443736,0.7568498648895661,,,4.439250310585035,,,,,0.5377771422259595,0.4088435827095833,0.7272727272727274
9,1,,1,,,,,,,0.34963636363636363,0.6023939393939395,,0.41566666666666674,,,0.5456363636363637,,0.42100000000000004,0.546939393939394,0.3197878787878788,,,,,,,0.30842424242424243,0.5452727272727274,0.6197575757575758,,0.49130303030303035,,0.40381818181818185,0.5763333333333334,0.47424242424242424,,,,0.3492727272727273,,,,,,,,,SAS,,,,,,,,,,,,,,,,,,,,,,12.743908601668899,,,0.41298405315292486,0.7804663294068289,,,4.200313785429804,,,,,0.6024058149023807,0.3726511005116693,0.0
9,1,,1,,,,,,,0.5893333333333334,0.6138484848484849,,0.452939393939394,,,0.46366666666666667,,0.2646060606060606,0.5951818181818183,0.5254545454545454,,,,,,,0.4292121212121212,0.35063636363636363,0.45533333333333337,,0.6012727272727274,,0.5536666666666668,0.379,0.33018181818181824,,,,0.40772727272727277,,,,,,,,,SEA,,,,,,,,,,,,,,,,,,,,,,16.10467188468469,,,0.4188062281257348,0.734652272255196,,,4.1673661849183485,,,,,0.5626150602620834,0.36369051681356024,1.272727272727273
9,0,,0,,,,,,,0.7529696969696971,0.49824242424242426,,0.41506060606060613,,,0.40760606060606064,,0.5467878787878788,0.6323333333333334,0.39172727272727276,,,,,,,0.47151515151515155,0.49615151515151523,0.5794242424242425,,0.5814848484848485,,0.3637272727272728,0.7047575757575758,0.2045757575757576,,,,0.38651515151515153,,,,,,,,,WAS,,,,,,,,,,,,,,,,,,,,,,13.099532865763749,,,0.41014624088496743,0.7601833118531427,,,3.9918010136802073,,,,,0.5969803988596407,0.4081439085418659,0.060606060606060615
10,0,,1,,,,,,,0.62,0.633,,0.467,,,0.348,,0.527,0.808,0.516,,,,,,,0.418,0.753,0.786,,1.0,,0.753,0.66,0.467,,,,0.415,,,,,,,,,ATL,,,,,,,,,,,,,,,,,,,,,,8.890518062687262,,,0.3991335902983409,0.7345910897139575,,,3.393222642961405,,,,,0.5248921262343574,0.3564150638180242,0.0
10,0,,0,,,,,,,0.7341515151515152,0.34457575757575765,,0.5890000000000001,,,0.5866060606060607,,0.43093939393939396,0.48954545454545456,0.47181818181818186,,,,,,,0.4154242424242425,0.5847575757575758,0.6572121212121212,,0.5615151515151515,,0.3607878787878788,0.5696969696969698,0.4255151515151515,,,,0.028,,,,,,,,,CHI,,,,,,,,,,,,,,,,,,,,,,13.79494642465896,,,0.4000354147177886,0.6846704551847992,,,3.9738222757354085,,,,,0.5742582351669652,0.3753139847067425,0.33333333333333337
10,0,,0,,,,,,,0.520969696969697,0.6671515151515152,,0.5762121212121212,,,0.7593939393939395,,0.2516666666666667,0.4291515151515152,0.3728484848484849,,,,,,,0.3983030303030304,0.4824545454545455,0.7148484848484848,,0.5860000000000001,,0.36215151515151517,0.449969696969697,0.19690909090909092,,,,0.36684848484848487,,,,,,,,,CON,,,,,,,,,,,,,,,,,,,,,,12.100745089034174,,,0.4109911733812611,0.7526697580186046,,,4.314234793758434,,,,,0.5436206327522188,0.3981460105705462,0.060606060606060615
10,0,,1,,,,,,,0.6993030303030304,0.4558787878787879,,0.7366363636363638,,,0.6767272727272727,,0.3765151515151515,0.49384848484848487,0.36457575757575755,,,,,,,0.6612121212121213,0.29200000000000004,0.5295454545454545,,0.465939393939394,,0.3362727272727273,0.6322121212121212,0.3460303030303031,,,,0.5250303030303031,,,,,,,,,DET,,,,,,,,,,,,,,,,,,,,,,12.150027348074286,,,0.4055125271508449,0.7304914487405766,,,5.943373800186738,,,,,0.5721738578622257,0.4407643029664023,1.393939393939394
10,0,,1,,,,,,,0.42424242424242425,0.6695757575757576,,0.4940909090909091,,,0.387909090909091,,0.7180909090909091,0.7635757575757576,0.5751212121212121,,,,,,,0.27860606060606063,0.439969696969697,0.6606969696969697,,0.30478787878787883,,0.6014848484848485,0.8463939393939394,0.38645454545454544,,,,0.3661818181818182,,,,,,,,,IND,,,,,,,,,,,,,,,,,,,,,,16.295889575704237,,,0.3966685317961816,0.7294390365335566,,,4.480516178260347,,,,,0.5821745969539952,0.3646831228756786,1.0
10,1,,1,,,,,,,0.529,0.4053636363636364,,0.627909090909091,,,0.6933939393939395,,0.348,0.7997575757575757,0.7281818181818183,,,,,,,0.5147575757575757,0.4791818181818182,0.5884848484848485,,0.5486666666666666,,0.6703030303030303,0.5563636363636364,0.5031212121212122,,,,0.4868787878787879,,,,,,,,,LAS,,,,,,,,,,,,,,,,,,,,,,22.18270099019751,,,0.39626457791866565,0.7366345793679543,,,4.478754773832412,,,,,0.540336042141785,0.37643349458303776,1.3333333333333335
10,1,,0,,,,,,,0.7758181818181817,0.3704545454545455,,0.5949090909090909,,,0.6006969696969697,,0.49084848484848487,0.42406060606060614,0.3585757575757576,,,,,,,0.37190909090909097,0.4138484848484849,0.7205454545454546,,0.6551515151515152,,0.4332424242424243,0.6326363636363637,0.5211818181818182,,,,0.3032727272727273,,,,,,,,,MIN,,,,,,,,,,,,,,,,,,,,,,11.258310265974297,,,0.4036590720034011,0.7423367910213058,,,3.45695475330976,,,,,0.5535258645861838,0.33183787658680686,0.6666666666666667
10,0,,0,,,,,,,0.3865151515151516,0.8552424242424244,,0.32921212121212123,,,0.47530303030303034,,0.5395757575757576,0.7093636363636364,0.33366666666666667,,,,,,,0.45445454545454544,0.5229090909090909,0.6907878787878788,,0.38209090909090915,,0.6609393939393939,0.6393333333333334,0.3072727272727273,,,,0.4676969696969697,,,,,,,,,NYL,,,,,,,,,,,,,,,,,,,,,,12.690347270197917,,,0.4135952246124423,0.7288034389766078,,,3.95124298813686,,,,,0.5541912618557081,0.30469385781623776,0.33333333333333337
10,1,,1,,,,,,,0.7076363636363636,0.8496363636363637,,0.4688484848484849,,,0.7365454545454546,,0.35100000000000003,0.3371818181818182,0.6028181818181818,,,,,,,0.8895757575757577,0.9704242424242424,0.8493939393939394,,0.8456060606060607,,0.2677878787878788,0.556,0.37893939393939396,,,,0.4055454545454546,,,,,,,,,PHO,,,,,,,,,,,,,,,,,,,,,,17.726388725635395,,,0.4264543987023755,0.7747415353157011,,,4.491595947009676,,,,,0.5808681329915286,0.4172481382968387,0.393939393939394
10,1,,0,,,,,,,0.7716969696969698,0.4543030303030303,,0.8053333333333333,,,0.3634545454545455,,0.7242424242424242,0.8016969696969698,0.14830303030303033,,,,,,,0.506939393939394,0.2252727272727273,0.478939393939394,,0.592848484848485,,0.4730000000000001,0.9374545454545455,0.8113636363636364,,,,0.4122727272727273,,,,,,,,,SAC,,,,,,,,,,,,,,,,,,,,,,8.686829946728782,,,0.41259273501045085,0.7340981321069429,,,4.031613375426011,,,,,0.5198641821464718,0.38895570973309135,0.12121212121212123
10,1,,1,,,,,,,0.4474545454545455,0.5856363636363637,,0.1724848484848485,,,0.6687272727272727,,0.4681818181818182,0.5491818181818182,0.4987878787878788,,,,,,,0.3510606060606061,0.626909090909091,0.6326969696969698,,0.40830303030303033,,0.48363636363636375,0.5923939393939395,0.3593636363636364,,,,0.3723636363636364,,,,,,,,,SAS,,,,,,,,,,,,,,,,,,,,,,18.12576310732264,,,0.41181680652673447,0.7814916608560118,,,4.833571848541109,,,,,0.62284548504958,0.3513719815636329,0.6060606060606061
10,1,,1,,,,,,,0.6143030303030304,0.4936060606060606,,0.46957575757575765,,,0.478,,0.3806060606060606,0.536969696969697,0.5218484848484849,,,,,,,0.48554545454545456,0.3636060606060606,0.5034848484848485,,0.4811515151515152,,0.47375757575757577,0.449969696969697,0.3186666666666667,,,,0.4042424242424243,,,,,,,,,SEA,,,,,,,,,,,,,,,,,,,,,,15.391437101273045,,,0.4137722788390177,0.7384972837099215,,,4.252434955370864,,,,,0.5848648622337744,0.39555478177350734,0.4545454545454546
10,0,,1,,,,,,,0.6135757575757577,0.46360606060606063,,0.5191212121212121,,,0.32393939393939397,,0.38487878787878793,0.8786060606060606,0.2912727272727273,,,,,,,0.47433333333333333,0.36842424242424243,0.604939393939394,,0.5364242424242425,,0.6259696969696971,0.6140606060606062,0.4240303030303031,,,,0.4392424242424242,,,,,,,,,WAS,,,,,,,,,,,,,,,,,,,,,,10.80035658251597,,,0.39939869660951777,0.6781290778428265,,,3.8591228137227995,,,,,0.5729277040996208,0.3813804451674484,0.0
11,1,,1,,,,,,,0.5942121212121212,0.46554545454545454,,0.3984545454545455,,,0.4907272727272728,,0.4546363636363636,0.5938484848484848,0.5473636363636364,,,,,,,0.561969696969697,0.3653636363636364,0.48869696969696974,,0.4298181818181818,,0.4921212121212122,0.5716060606060607,0.3961818181818182,,,,0.38948484848484854,,,,,,,,,SEA,,,,,,,,,,,,,,,,,,,,,,14.856345037493117,,,0.3973139426058506,0.7349150732424461,,,4.598900468508208,,,,,0.6326724390983863,0.39722377066652076,0.6666666666666667
11,0,,1,,,,,,,0.7330909090909092,0.3909393939393939,,0.6383939393939394,,,0.25293939393939396,,0.5415757575757576,0.9031515151515153,0.31066666666666665,,,,,,,0.4080303030303031,0.2997878787878788,0.5911515151515152,,0.4844848484848485,,0.7607878787878788,0.6597272727272727,0.5815151515151515,,,,0.5891212121212122,,,,,,,,,WAS,,,,,,,,,,,,,,,,,,,,,,12.240011320538235,,,0.4117105216899629,0.6840576359058305,,,4.0856153530911925,,,,,0.583664324570796,0.401139116002186,0.6060606060606061
11,1,,1,,,,,,,0.342,0.40784848484848485,,0.6167272727272728,,,0.6948787878787879,,0.23115151515151516,0.7577878787878789,0.7586666666666667,,,,,,,0.6382727272727273,0.37881818181818183,0.48169696969696973,,0.4491515151515152,,0.6896060606060608,0.37969696969696975,0.40021212121212124,,,,0.5566666666666666,,,,,,,,,LAS,,,,,,,,,,,,,,,,,,,,,,24.44980737153798,,,0.41202510680928406,0.7668005132382052,,,5.537404289688636,,,,,0.6014787314567841,0.4179887787578341,0.6666666666666667
11,1,,0,,,,,,,0.7844848484848486,0.6280303030303029,,0.4604545454545455,,,0.4786666666666667,,0.6067878787878789,0.41166666666666674,0.41824242424242425,,,,,,,0.4117272727272727,0.3430303030303031,0.7476363636363637,,0.6717575757575758,,0.3604242424242424,0.634060606060606,0.5141515151515152,,,,0.33181818181818185,,,,,,,,,MIN,,,,,,,,,,,,,,,,,,,,,,11.267175977101433,,,0.4195442601491127,0.7799331757657498,,,3.4925077460800087,,,,,0.561832016411415,0.2856980436592144,0.33333333333333337
11,1,,1,,,,,,,0.7023030303030304,0.8484848484848485,,0.3428787878787879,,,0.74,,0.23624242424242425,0.38230303030303037,0.707939393939394,,,,,,,0.740909090909091,0.9088484848484849,0.7936363636363637,,0.7926363636363637,,0.35584848484848486,0.35330303030303034,0.48339393939393943,,,,0.42900000000000005,,,,,,,,,PHO,,,,,,,,,,,,,,,,,,,,,,20.917457318546223,,,0.44856811341707264,0.8238740069835533,,,4.867567774410178,,,,,0.573521806436208,0.4077208183597337,1.2727272727272727
11,1,,1,,,,,,,0.4278484848484849,0.7545454545454546,,0.14245454545454547,,,0.7069090909090909,,0.4114848484848485,0.47730303030303034,0.4259090909090909,,,,,,,0.3938787878787879,0.5906363636363637,0.6659696969696971,,0.44066666666666665,,0.49090909090909096,0.4846363636363637,0.34330303030303033,,,,0.36184848484848486,,,,,,,,,SAS,,,,,,,,,,,,,,,,,,,,,,15.12270740833786,,,0.4210866954460156,0.7854086582997654,,,4.58320406409147,,,,,0.6258860450195264,0.3530628166970362,0.33333333333333337
11,1,,0,,,,,,,0.6380606060606061,0.436,,0.6766666666666667,,,0.6615151515151516,,0.4172424242424243,0.5347272727272727,0.27560606060606063,,,,,,,0.6655454545454547,0.3015757575757576,0.5481515151515152,,0.4592121212121213,,0.4344545454545455,0.5965757575757575,0.3144848484848485,,,,0.441909090909091,,,,,,,,,DET,,,,,,,,,,,,,,,,,,,,,,10.222377383433088,,,0.3973862575069298,0.6857876973574699,,,4.684852818563591,,,,,0.5571518216366615,0.4021337696799695,0.4545454545454546
11,0,,1,,,,,,,0.6854545454545454,0.2711818181818182,,0.7433636363636363,,,0.518909090909091,,0.7415454545454545,0.7961818181818182,0.39145454545454544,,,,,,,0.47527272727272724,0.5075454545454545,0.6823636363636364,,0.7881818181818182,,0.9775454545454545,0.8009090909090909,0.45972727272727276,,,,0.32227272727272727,,,,,,,,,ATL,,,,,,,,,,,,,,,,,,,,,,11.535974541458122,,,0.4294414256270119,0.7514062779053993,,,3.9251461017622895,,,,,0.5410233819141934,0.3915678556878887,0.9090909090909091
11,0,,0,,,,,,,0.6427575757575759,0.44633333333333336,,0.41121212121212125,,,0.5163939393939394,,0.37324242424242426,0.5251818181818183,0.5036969696969698,,,,,,,0.5434545454545454,0.5367878787878788,0.6135454545454545,,0.6556666666666667,,0.45445454545454556,0.44272727272727275,0.38530303030303037,,,,0.03787878787878788,,,,,,,,,CHI,,,,,,,,,,,,,,,,,,,,,,15.054902966850486,,,0.4231345649288111,0.7448269899516216,,,3.906429956565977,,,,,0.5595313658069182,0.35076644724698325,0.060606060606060615
11,0,,0,,,,,,,0.5537272727272728,0.6597878787878788,,0.5701818181818182,,,0.7453030303030304,,0.27615151515151515,0.2693030303030303,0.3763030303030303,,,,,,,0.39257575757575763,0.4087272727272727,0.8908484848484849,,0.5071212121212122,,0.34821212121212125,0.5437878787878788,0.33006060606060605,,,,0.31699999999999995,,,,,,,,,CON,,,,,,,,,,,,,,,,,,,,,,10.835768045557717,,,0.39744193793738813,0.7394654275997874,,,3.937406202442918,,,,,0.5494904567426215,0.36011382705226974,0.0
11,0,,1,,,,,,,0.5793636363636364,0.6958181818181819,,0.48703030303030304,,,0.43366666666666676,,0.8911818181818183,0.6310000000000001,0.4651818181818182,,,,,,,0.32533333333333336,0.3416666666666667,0.7233333333333334,,0.34360606060606064,,0.547969696969697,0.9127272727272727,0.3668181818181819,,,,0.37696969696969695,,,,,,,,,IND,,,,,,,,,,,,,,,,,,,,,,16.297658418785833,,,0.40415535814799675,0.7347012872714969,,,4.671810635492788,,,,,0.5758245969707296,0.3994315700194001,1.0
11,0,,1,,,,,,,0.33103030303030306,0.8733030303030305,,0.2576666666666667,,,0.486939393939394,,0.5075757575757576,0.613909090909091,0.3656060606060606,,,,,,,0.4880606060606061,0.42200000000000004,0.7531818181818183,,0.3391818181818182,,0.5366969696969697,0.6276060606060607,0.35160606060606064,,,,0.5140303030303031,,,,,,,,,NYL,,,,,,,,,,,,,,,,,,,,,,13.845285359337177,,,0.4122577854865832,0.7733913666940854,,,3.7056385405594936,,,,,0.5532591110565823,0.33198585039112116,0.060606060606060615
