year,confID,rank,playoff,firstRound,semis,finals,o_fgm,o_fga,o_ftm,o_fta,o_3pm,o_3pa,o_oreb,o_dreb,o_reb,o_asts,o_pf,o_stl,o_to,o_blk,o_pts,d_fgm,d_fga,d_ftm,d_fta,d_3pm,d_3pa,d_oreb,d_dreb,d_reb,d_asts,d_pf,d_stl,d_to,d_blk,d_pts,GP,min,attend,win_percentage,loss_percentage,home_win_percentage,home_loss_percentage,away_win_percentage,away_loss_percentage,conference_win_percentage,conference_loss_percentage,tmID,W_post,L_post,GS_weighted_mean,minutes_weighted_mean,points_weighted_mean,oRebounds_weighted_mean,dRebounds_weighted_mean,rebounds_weighted_mean,assists_weighted_mean,steals_weighted_mean,blocks_weighted_mean,turnovers_weighted_mean,PF_weighted_mean,fgAttempted_weighted_mean,fgMade_weighted_mean,ftAttempted_weighted_mean,ftMade_weighted_mean,threeAttempted_weighted_mean,total_points_weighted_mean,total_rebounds_weighted_mean,total_assists_weighted_mean,total_steals_weighted_mean,total_turnovers_weighted_mean,award_weighted_mean,Avg_Points_Per_Game_weighted_mean,Avg_Assists_Per_Game_weighted_mean,Avg_Blocks_Per_Game_weighted_mean,Avg_Steals_Per_Game_weighted_mean,Avg_Turnovers_Per_Game_weighted_mean,num_trophies,Avg_Assists_Per_Game,Avg_Blocks_Per_Game,Avg_Points_Per_Game,Avg_Rebounds_Per_Game,Avg_Steals_Per_Game,Avg_Turnovers_Per_Game,FG%,FT%,GP_1,GS,PF,POSITION_METRIC,Usability,assists,award,blocks,dRebounds,dq,fgAttempted,fgMade,ftAttempted,ftMade,minutes,oRebounds,points,rebounds,steals,threeAttempted,threeMade,total_assists,total_blocks,total_points,total_rebounds,total_steals,total_turnovers,turnovers
9,0,0.43,0,0.0,0.0,0.0,0.44,0.4,0.46,0.44,0.43,0.43,0.42,0.49,0.52,0.45,0.57,0.41,0.44,0.39,0.41,0.46,0.4,0.44,0.42,0.33,0.33,0.36,0.43,0.36,0.45,0.48,0.44,0.46,0.37,0.46,0.66,0.54,0.42,0.51,0.49,0.59,0.41,0.44,0.56,0.5,0.5,ATL,2.37,2.35,19.11,690.06,255.73,32.81,76.02,108.83,55.92,27.51,12.63,49.94,63.41,217.02,92.68,69.73,53.24,49.67,278.48,118.67,60.92,29.74,54.0,0.06,9.34,2.05,0.47,1.01,1.85,0.5,1.5,0.28,7.33,3.08,0.72,1.46,0.41,0.73,29.18,14.48,55.04,0.32,0.49,47.31,0.0,7.24,63.93,0.18,193.12,79.95,49.68,39.63,624.41,28.08,223.55,92.01,22.47,64.59,24.02,49.91,8.2,237.13,96.78,23.23,46.32,44.08
10,0,0.86,1,0.5,0.0,0.0,0.52,0.69,0.62,0.62,0.63,0.66,0.47,0.51,0.55,0.35,1.0,0.53,0.81,0.52,0.53,0.81,0.64,0.96,0.97,0.4,0.42,0.75,0.79,0.76,1.0,0.78,0.75,0.66,0.47,0.88,1.0,0.68,0.42,0.0,1.0,0.0,1.0,0.16,0.84,0.0,1.0,ATL,2.37,2.35,14.85,535.84,208.26,23.39,54.87,78.26,41.93,23.73,8.89,42.82,57.1,187.92,73.11,56.29,42.96,55.98,208.26,78.26,41.93,23.73,42.82,0.0,7.72,1.46,0.51,0.95,1.6,0.0,1.9,0.51,8.94,4.1,1.0,2.08,0.43,0.73,27.39,17.88,69.1,0.35,0.59,51.14,0.0,11.22,67.5,0.96,195.76,80.25,65.88,46.8,631.06,34.76,221.53,102.26,25.62,43.88,14.23,51.14,11.22,221.53,102.26,25.62,47.85,47.85
11,0,0.14,1,,,,0.92,0.92,0.7,0.69,0.24,0.28,0.77,0.81,0.9,0.54,0.83,0.76,0.8,0.38,0.78,0.77,0.76,0.81,0.74,0.45,0.48,0.48,0.67,0.58,0.77,0.68,1.0,0.82,0.46,0.81,1.0,0.88,0.31,0.54,0.46,0.69,0.31,0.39,0.61,0.44,0.56,ATL,0.0,2.0,17.74,633.11,272.17,37.37,80.73,118.11,49.73,31.06,11.46,52.03,66.19,230.76,104.96,68.82,51.95,33.42,286.86,123.48,52.53,32.34,55.87,0.09,9.38,1.91,0.37,1.09,1.88,1.0,2.1,0.42,9.67,4.19,1.09,1.88,0.44,0.75,31.88,20.46,69.34,0.37,0.57,66.58,0.09,13.19,92.02,0.7,259.95,119.22,74.99,54.99,752.54,40.96,306.71,132.98,34.51,41.22,13.27,70.29,13.46,322.56,138.17,36.12,63.06,58.11
2,0,1.0,1,1.0,1.0,0.5,0.34,0.22,0.29,0.26,0.31,0.3,0.3,0.24,0.27,0.55,0.75,0.19,0.38,0.18,0.27,0.5,0.28,0.56,0.56,0.23,0.24,0.33,0.26,0.23,0.7,0.24,0.41,0.14,0.39,0.52,0.0,0.12,0.16,0.17,0.82,0.27,0.73,0.17,0.83,0.17,0.83,CHA,2.37,2.35,17.61,656.34,234.5,28.44,62.48,90.92,64.14,23.74,9.37,48.92,64.74,200.97,86.56,60.87,46.42,43.52,234.5,90.92,64.14,23.74,48.92,0.0,8.58,2.19,0.31,0.85,1.75,0.0,2.62,0.28,9.47,3.05,1.01,1.9,0.41,0.77,28.72,18.49,67.7,0.35,0.65,79.4,0.0,8.45,58.77,0.75,226.15,93.1,72.17,56.19,745.06,24.67,265.11,83.44,29.04,69.98,22.72,80.71,8.6,269.64,86.09,29.84,56.49,55.47
3,0,0.43,1,0.5,0.0,0.0,0.21,0.05,0.23,0.14,0.41,0.37,0.32,0.26,0.3,0.26,0.42,0.16,0.29,0.33,0.17,0.16,0.19,0.29,0.24,0.11,0.12,0.43,0.0,0.07,0.19,0.17,0.4,0.22,0.39,0.18,0.0,0.16,0.24,0.59,0.41,0.67,0.33,0.5,0.5,0.76,0.24,CHA,4.0,4.0,20.01,736.11,238.75,31.89,68.02,99.9,59.23,25.7,11.53,52.53,62.47,207.56,87.15,56.25,44.61,55.02,294.44,124.22,73.61,31.72,65.23,0.0,9.57,2.38,0.5,1.03,2.17,0.0,2.35,0.49,9.57,3.87,0.97,2.14,0.4,0.77,28.22,20.97,60.18,0.32,0.61,57.56,0.0,11.76,62.56,0.66,202.27,83.87,56.67,44.46,715.13,32.17,231.54,94.73,24.16,53.28,19.34,70.47,14.73,280.81,115.58,29.39,62.47,51.43
4,0,0.14,1,0.5,0.0,0.0,0.26,0.07,0.47,0.47,0.67,0.54,0.29,0.29,0.31,0.36,0.55,0.29,0.0,0.28,0.31,0.26,0.14,0.32,0.32,0.21,0.13,0.16,0.14,0.08,0.34,0.26,0.07,0.13,0.24,0.28,0.0,0.08,0.24,0.59,0.41,0.67,0.33,0.5,0.5,0.59,0.41,CHA,0.0,2.0,21.38,723.66,257.63,30.26,69.34,99.59,59.88,27.14,10.4,43.21,66.82,203.91,87.76,75.27,55.9,64.76,270.59,106.67,63.6,29.07,46.17,0.0,8.81,2.07,0.37,0.96,1.48,0.0,2.16,0.38,9.06,3.68,1.0,1.57,0.41,0.77,28.96,21.9,69.33,0.33,0.62,63.19,0.0,10.72,71.47,0.78,212.11,90.61,76.89,57.2,759.18,32.1,265.2,103.57,28.87,65.96,26.78,66.96,11.1,278.04,110.7,30.88,48.84,45.87
5,0,0.14,0,0.0,0.0,0.0,0.29,0.19,0.37,0.29,0.57,0.52,0.48,0.23,0.34,0.37,0.7,0.5,0.39,0.34,0.3,0.29,0.25,0.41,0.46,0.23,0.21,0.67,0.14,0.26,0.35,0.28,0.45,0.3,0.24,0.33,1.0,0.72,0.31,0.54,0.46,0.75,0.25,0.31,0.69,0.5,0.5,CHA,0.0,2.0,22.02,769.24,254.8,34.5,67.88,102.38,61.57,32.34,11.37,53.26,72.04,215.86,89.77,66.68,51.71,65.66,269.61,107.98,64.55,33.85,55.62,0.0,8.2,1.94,0.37,1.03,1.69,0.0,2.19,0.41,8.29,3.82,1.08,1.88,0.41,0.77,31.87,25.63,82.6,0.28,0.64,68.88,0.0,12.77,78.33,0.72,220.59,92.33,67.99,52.74,837.93,37.85,257.03,116.18,34.25,57.94,19.63,72.02,13.37,272.19,123.44,35.56,61.37,57.92
6,0,0.57,0,0.0,0.0,0.0,0.2,0.0,0.31,0.29,0.47,0.42,0.07,0.2,0.15,0.12,0.55,0.12,0.31,0.46,0.2,0.32,0.28,0.31,0.29,0.19,0.08,0.57,0.16,0.24,0.43,0.24,0.31,0.18,0.32,0.31,1.0,0.8,0.29,0.47,0.53,0.56,0.44,0.39,0.61,0.37,0.63,CHA,2.37,2.35,21.75,755.7,232.75,26.4,64.7,91.1,51.38,23.03,14.3,48.71,66.84,189.63,81.82,67.83,50.93,49.54,232.75,91.1,51.38,23.03,48.71,0.0,7.09,1.54,0.45,0.7,1.49,0.0,2.1,0.46,8.69,3.71,0.99,1.84,0.41,0.75,32.0,24.27,73.33,0.38,0.64,66.35,0.0,13.9,78.49,0.39,238.43,100.16,76.26,59.22,855.53,36.36,273.4,114.85,30.53,44.76,13.85,70.46,15.08,289.67,122.92,32.73,61.32,56.62
7,0,0.71,0,0.0,0.0,0.0,0.26,0.23,0.34,0.38,0.19,0.16,0.35,0.18,0.26,0.35,0.79,0.52,0.56,0.33,0.2,0.44,0.23,0.5,0.55,0.16,0.05,0.49,0.35,0.35,0.36,0.48,0.48,0.56,0.56,0.44,1.0,0.87,0.2,0.08,0.92,0.25,0.75,0.0,1.0,0.12,0.88,CHA,2.37,2.35,16.41,593.16,188.0,24.94,51.94,76.88,43.63,24.12,9.3,44.78,59.48,170.43,69.56,54.45,39.72,25.48,188.0,76.88,43.63,24.12,44.78,0.0,7.02,1.74,0.32,0.86,1.68,0.0,1.63,0.48,8.57,3.59,1.01,2.0,0.4,0.75,27.76,22.54,75.69,0.33,0.66,45.53,0.0,13.51,70.5,1.18,221.97,91.07,74.58,55.25,747.43,33.21,248.62,103.71,30.06,31.44,11.24,45.53,13.51,248.62,103.71,30.06,58.36,58.36
7,0,0.43,0,0.0,0.0,0.0,0.44,0.4,0.46,0.44,0.43,0.43,0.42,0.49,0.52,0.45,0.57,0.41,0.44,0.39,0.41,0.46,0.4,0.44,0.42,0.33,0.33,0.36,0.43,0.36,0.45,0.48,0.44,0.46,0.37,0.46,0.66,0.54,0.42,0.51,0.49,0.59,0.41,0.44,0.56,0.5,0.5,CHI,2.37,2.35,19.11,690.06,255.73,32.81,76.02,108.83,55.92,27.51,12.63,49.94,63.41,217.02,92.68,69.73,53.24,49.67,278.48,118.67,60.92,29.74,54.0,0.06,9.34,2.05,0.47,1.01,1.85,0.5,1.43,0.28,5.08,2.48,0.66,1.19,0.39,0.64,30.78,12.86,65.39,0.25,0.45,41.79,0.0,9.06,46.46,0.35,138.12,54.27,39.63,26.38,566.68,25.62,147.1,72.09,19.62,36.25,12.19,44.34,9.39,159.84,78.81,20.69,37.12,34.1
8,0,0.86,0,0.0,0.0,0.0,0.44,0.58,0.35,0.42,0.43,0.55,0.55,0.36,0.47,0.41,0.63,0.48,0.52,0.41,0.38,0.71,0.52,0.6,0.6,0.55,0.49,0.63,0.78,0.71,0.79,0.19,0.43,0.56,0.36,0.72,1.0,0.64,0.0,0.04,0.96,0.12,0.88,0.08,0.92,0.12,0.88,CHI,2.37,2.35,14.53,540.84,190.45,26.98,54.98,81.96,41.75,22.67,10.0,37.75,52.69,177.39,70.7,51.28,36.84,41.89,190.45,81.96,41.75,22.67,37.75,0.0,6.84,1.66,0.38,0.87,1.47,0.0,2.18,0.41,9.39,3.95,1.0,1.74,0.4,0.73,26.49,22.96,64.4,0.34,0.64,55.33,0.0,11.79,73.45,0.27,220.9,92.4,91.66,68.18,690.87,37.28,261.35,110.73,27.41,31.11,8.37,56.2,11.79,265.28,113.52,27.41,46.33,44.87
9,0,0.71,0,0.0,0.0,0.0,0.58,0.72,0.47,0.62,0.56,0.57,0.67,0.62,0.72,0.71,0.51,0.4,0.44,0.32,0.53,0.69,0.63,0.48,0.41,0.46,0.37,0.63,0.74,0.68,0.66,0.6,0.3,0.68,0.5,0.66,1.0,0.92,0.04,0.39,0.61,0.31,0.69,0.55,0.45,0.25,0.75,CHI,2.37,2.35,17.01,618.95,236.13,34.71,71.98,106.68,52.56,23.09,10.52,44.03,51.55,209.78,86.7,70.69,48.27,42.08,236.13,106.68,52.56,23.09,44.03,0.1,9.2,1.93,0.34,0.81,1.66,1.0,1.88,0.35,9.3,4.42,1.1,1.43,0.39,0.74,26.49,16.16,49.53,0.46,0.59,58.92,0.14,11.31,77.37,0.47,216.23,91.54,79.82,55.29,633.38,36.56,248.24,113.93,26.15,26.25,9.88,59.14,11.31,248.75,114.29,26.23,42.85,42.7
10,0,0.57,0,0.0,0.0,0.0,0.52,0.48,0.69,0.83,0.22,0.23,0.55,0.59,0.64,0.54,0.52,0.44,0.51,0.56,0.49,0.59,0.58,0.49,0.43,0.39,0.43,0.56,0.6,0.56,0.48,0.6,0.39,0.51,0.39,0.58,1.0,0.76,0.02,0.31,0.69,0.44,0.56,0.23,0.77,0.5,0.5,CHI,2.37,2.35,19.04,697.9,272.83,38.39,81.25,119.64,56.83,28.45,15.98,49.07,61.53,227.94,99.91,89.03,63.13,29.67,272.83,119.64,56.83,28.45,49.07,0.0,8.87,1.79,0.59,0.92,1.65,0.0,1.89,0.65,9.31,4.07,0.95,1.71,0.42,0.71,28.91,20.34,56.15,0.36,0.58,58.45,0.0,17.05,83.51,0.3,235.35,103.2,80.47,61.05,697.93,32.12,279.06,115.64,27.42,35.33,11.61,59.01,17.05,281.02,116.04,27.67,49.66,49.26
11,0,0.57,0,,,,0.59,0.53,0.58,0.54,0.56,0.45,0.31,0.61,0.56,0.48,0.42,0.33,0.54,0.49,0.56,0.79,0.66,0.42,0.35,0.58,0.62,0.52,0.61,0.55,0.75,0.41,0.51,0.38,0.37,0.73,1.0,0.68,0.05,0.47,0.53,0.69,0.31,0.23,0.77,0.44,0.56,CHI,2.37,2.35,18.11,656.02,256.76,30.71,80.37,111.07,51.44,24.98,15.0,48.03,54.69,213.44,93.23,70.92,53.98,41.42,256.76,111.07,51.44,24.98,48.03,0.0,8.46,1.66,0.53,0.82,1.65,0.0,1.24,0.52,7.45,3.96,0.65,1.71,0.44,0.75,28.82,15.61,61.48,0.34,0.51,38.29,0.0,13.4,80.17,0.38,167.44,75.0,65.44,46.7,602.51,28.91,214.26,109.08,18.53,43.52,17.55,38.5,13.62,215.24,110.11,18.53,48.64,48.42
2,0,0.14,1,0.5,0.0,0.0,0.34,0.12,0.28,0.24,0.36,0.34,0.42,0.17,0.27,0.51,0.55,0.39,0.57,0.18,0.27,0.26,0.09,0.35,0.28,0.14,0.12,0.06,0.08,0.0,0.51,0.65,0.72,0.62,0.18,0.27,0.0,0.16,0.4,0.55,0.45,0.8,0.2,0.25,0.75,0.64,0.35,CLE,3.0,3.0,17.54,644.78,223.63,33.06,59.98,93.04,52.1,24.84,8.84,50.43,63.77,186.38,83.43,56.44,42.47,40.37,259.1,113.79,61.34,29.88,58.34,0.09,9.29,2.08,0.36,1.03,2.04,1.0,1.81,0.38,9.08,3.89,1.04,1.88,0.44,0.74,27.71,15.21,65.71,0.29,0.56,45.19,0.0,9.22,60.33,0.87,183.2,82.3,56.8,42.68,628.06,33.86,219.14,94.19,25.27,34.74,11.87,52.35,10.45,252.16,114.38,30.02,53.89,47.23
3,0,0.0,0,0.0,0.0,0.0,0.24,0.04,0.12,0.09,0.2,0.22,0.26,0.32,0.32,0.39,0.2,0.43,0.16,0.13,0.14,0.0,0.08,0.01,0.0,0.2,0.23,0.17,0.07,0.04,0.16,0.25,0.19,0.41,0.42,0.0,0.0,0.04,0.44,0.75,0.25,0.87,0.13,0.58,0.42,0.76,0.24,CLE,1.0,2.0,17.44,633.79,201.32,29.77,65.84,95.61,48.65,26.22,7.81,41.6,52.22,176.53,77.01,52.23,38.85,27.48,220.05,104.23,53.89,28.54,45.07,0.0,7.98,1.86,0.36,0.96,1.6,0.0,1.87,0.39,9.18,4.42,1.12,1.73,0.45,0.71,28.67,18.92,60.55,0.3,0.63,50.48,0.0,9.26,79.03,0.14,209.84,93.78,60.28,44.98,731.14,36.97,240.18,116.0,31.14,25.14,7.64,55.07,10.87,263.46,126.28,33.37,49.86,45.82
4,0,0.86,1,0.5,0.0,0.0,0.24,0.11,0.29,0.2,0.27,0.28,0.25,0.35,0.34,0.31,0.3,0.18,0.19,0.13,0.19,0.31,0.17,0.2,0.16,0.29,0.28,0.06,0.19,0.09,0.48,0.31,0.3,0.15,0.28,0.28,0.0,0.24,0.45,0.26,0.74,0.2,0.8,0.42,0.58,0.29,0.71,CLE,2.37,2.35,19.97,726.12,244.77,33.68,78.09,111.77,52.26,24.59,8.94,47.33,60.64,211.42,90.5,64.65,50.39,40.26,244.77,111.77,52.26,24.59,47.33,0.0,8.2,1.77,0.3,0.85,1.63,0.0,2.3,0.25,8.89,4.15,1.0,2.09,0.4,0.74,26.3,23.51,59.85,0.32,0.68,57.4,0.0,7.66,80.29,0.82,215.42,90.16,72.24,53.58,744.22,35.12,249.66,115.41,26.58,47.21,15.75,59.49,7.77,251.64,116.62,27.35,50.91,50.36
2,0,0.29,0,0.0,0.0,0.0,0.39,0.23,0.19,0.19,0.38,0.37,0.37,0.17,0.26,0.28,0.35,0.37,0.34,0.44,0.29,0.44,0.32,0.14,0.1,0.31,0.3,0.46,0.27,0.28,0.5,0.41,0.45,0.42,0.27,0.36,0.0,0.16,0.3,0.5,0.5,0.67,0.33,0.34,0.66,0.64,0.35,CON,1.0,2.0,22.91,820.16,296.22,40.49,78.54,119.03,62.63,32.99,15.86,58.82,68.3,253.3,112.62,68.44,50.34,58.56,318.2,129.15,67.89,35.15,63.82,0.0,10.13,2.2,0.55,1.13,2.07,0.0,2.44,0.7,10.12,4.74,1.28,2.24,0.43,0.72,30.22,23.62,76.26,0.49,0.67,70.25,0.0,20.06,89.74,0.66,248.98,110.85,81.03,58.49,838.12,46.35,296.47,136.09,37.74,45.98,16.29,75.44,22.13,318.19,148.29,40.31,69.46,64.36
3,0,0.57,0,0.0,0.0,0.0,0.25,0.23,0.29,0.29,0.51,0.55,0.54,0.2,0.34,0.21,0.54,0.71,0.54,0.41,0.24,0.33,0.17,0.3,0.33,0.33,0.28,0.28,0.24,0.2,0.49,0.26,0.67,0.6,0.32,0.34,0.0,0.08,0.3,0.38,0.62,0.6,0.4,0.17,0.83,0.41,0.59,CON,2.37,2.35,20.15,736.24,258.21,41.27,70.22,111.48,53.26,37.82,13.83,56.83,66.78,224.2,92.33,70.6,52.57,63.22,258.21,111.48,53.26,37.82,56.83,0.0,8.65,1.8,0.46,1.28,1.93,0.0,1.82,0.46,9.78,4.15,1.18,1.99,0.41,0.75,26.58,19.38,64.22,0.4,0.65,45.53,0.0,12.49,70.65,0.52,224.13,95.64,60.79,45.5,706.92,39.4,257.49,110.05,31.33,63.91,20.71,46.63,12.82,264.2,111.83,31.66,52.65,51.4
4,0,0.57,1,1.0,0.5,0.0,0.34,0.23,0.48,0.43,0.38,0.43,0.37,0.15,0.24,0.19,0.61,0.58,0.21,0.33,0.32,0.33,0.2,0.45,0.46,0.32,0.24,0.53,0.31,0.34,0.44,0.41,0.36,0.58,0.27,0.38,0.0,0.2,0.28,0.5,0.5,0.6,0.4,0.42,0.58,0.64,0.35,CON,2.37,2.35,16.92,634.42,231.06,29.12,58.2,87.32,48.07,30.18,9.24,43.76,59.46,193.33,81.33,68.51,52.73,49.08,231.06,87.32,48.07,30.18,43.76,0.0,8.87,1.76,0.4,1.2,1.68,0.0,2.2,0.41,9.23,3.93,1.36,1.67,0.42,0.76,27.07,20.43,64.77,0.47,0.68,64.32,0.0,9.58,67.59,0.63,210.79,87.99,72.34,56.09,730.59,33.68,248.95,101.27,36.9,52.59,16.87,64.32,9.58,248.95,101.27,36.9,45.89,45.89
5,0,0.29,1,1.0,1.0,0.5,0.45,0.49,0.44,0.43,0.52,0.58,0.43,0.57,0.58,0.44,0.6,0.45,0.11,0.31,0.42,0.46,0.47,0.5,0.47,0.4,0.49,0.56,0.65,0.59,0.56,0.55,0.37,0.33,0.13,0.5,1.0,0.76,0.22,0.54,0.46,0.56,0.44,0.55,0.45,0.44,0.56,CON,2.0,2.0,21.97,783.49,290.26,36.08,85.46,121.54,66.61,31.11,11.95,49.29,70.78,248.44,103.74,80.86,60.69,66.65,322.77,133.81,74.6,34.52,53.78,0.0,9.93,2.26,0.42,1.06,1.64,0.0,1.98,0.55,11.6,4.7,1.08,1.62,0.42,0.76,32.5,22.71,81.14,0.48,0.65,57.66,0.0,16.81,96.89,1.08,297.35,126.61,82.35,63.2,841.62,43.89,341.73,140.78,31.82,70.15,25.31,63.9,18.15,376.22,153.64,35.07,53.33,49.52
6,0,0.0,1,1.0,1.0,1.0,0.48,0.42,0.3,0.29,0.39,0.44,0.38,0.48,0.49,0.62,0.44,0.6,0.24,0.22,0.39,0.45,0.35,0.32,0.32,0.27,0.15,0.22,0.5,0.37,0.6,0.37,0.28,0.39,0.31,0.42,1.0,0.8,0.28,0.54,0.46,0.56,0.44,0.55,0.45,0.75,0.25,CON,5.0,3.0,23.79,846.67,301.13,38.09,90.34,128.43,70.78,38.18,12.72,55.77,71.9,262.35,113.17,76.45,55.3,60.53,371.45,159.19,85.73,47.95,68.77,0.11,11.2,2.63,0.46,1.45,2.09,1.0,2.7,0.62,11.02,4.9,1.47,2.18,0.42,0.75,32.83,24.44,78.65,0.39,0.66,73.87,0.0,18.57,96.75,0.26,264.14,113.53,75.4,53.95,878.1,39.72,300.99,136.48,39.74,62.77,19.98,88.85,21.06,367.74,164.01,49.17,72.31,60.31
7,0,0.0,1,1.0,0.5,0.0,0.56,0.38,0.53,0.53,0.31,0.28,0.38,0.64,0.61,0.62,0.48,0.26,0.19,0.44,0.49,0.4,0.47,0.34,0.32,0.15,0.19,0.47,0.43,0.4,0.36,0.57,0.41,0.2,0.06,0.37,1.0,0.64,0.32,0.85,0.15,0.81,0.19,0.86,0.14,0.68,0.32,CON,5.0,3.0,23.08,822.36,321.09,38.51,95.28,133.79,71.69,30.94,14.71,52.6,70.15,261.02,118.37,88.77,67.53,47.93,394.47,166.9,84.53,37.93,64.87,0.15,11.88,2.55,0.61,1.14,1.97,1.0,2.74,0.66,13.28,5.47,1.25,2.12,0.44,0.7,31.25,26.39,70.35,0.45,0.66,76.92,0.17,15.96,101.9,0.17,290.73,132.41,99.32,76.06,869.73,41.39,358.11,143.29,33.75,49.85,17.23,90.61,21.5,440.49,179.73,41.41,69.71,56.4
8,0,0.0,1,0.5,0.0,0.0,0.7,0.64,0.63,0.5,0.51,0.51,0.48,0.99,0.92,0.82,0.19,0.35,0.46,0.59,0.64,0.66,0.75,0.09,0.12,0.36,0.43,0.58,0.57,0.54,0.47,0.45,0.51,0.37,0.24,0.51,1.0,0.68,0.34,0.85,0.15,0.81,0.19,0.86,0.14,0.81,0.19,CON,3.0,2.0,19.86,707.91,295.78,37.16,98.04,135.2,66.37,28.28,16.37,51.18,52.12,241.38,108.23,74.31,60.23,54.66,333.67,156.25,74.7,31.44,58.84,0.14,10.8,2.44,0.6,1.03,1.87,1.0,2.45,0.63,10.24,4.7,1.05,1.76,0.43,0.77,30.35,21.35,57.65,0.48,0.59,66.91,0.16,17.78,95.77,0.0,231.66,103.1,66.65,54.64,723.87,34.65,281.66,130.42,28.8,57.82,20.81,74.31,20.52,312.85,146.95,31.84,54.82,47.79
9,0,0.29,1,0.5,0.0,0.0,0.74,0.79,0.43,0.35,0.6,0.62,0.53,0.84,0.83,0.78,0.53,0.46,0.58,0.61,0.64,0.73,0.71,0.41,0.37,0.37,0.38,0.39,0.73,0.59,0.65,0.4,0.33,0.52,0.1,0.65,1.0,0.84,0.39,0.54,0.46,0.44,0.56,0.7,0.3,0.5,0.5,CON,1.0,2.0,20.31,722.25,304.45,35.31,88.51,123.83,71.95,31.66,14.41,56.29,61.97,262.25,113.86,71.03,55.89,63.98,332.31,136.97,78.51,34.0,62.16,0.0,10.73,2.51,0.51,1.09,2.02,0.0,2.83,0.29,11.54,4.65,1.09,2.23,0.43,0.78,32.19,23.21,71.76,0.42,0.62,83.77,0.0,8.25,96.6,0.48,286.43,125.8,82.07,64.21,802.14,38.68,336.18,135.29,34.09,63.38,20.37,92.96,8.94,374.53,150.58,35.94,72.29,65.33
10,0,0.14,0,0.0,0.0,0.0,0.66,0.73,0.62,0.62,0.72,0.78,0.61,0.84,0.86,0.74,0.49,0.13,0.34,0.22,0.65,0.68,0.67,0.4,0.4,0.34,0.41,0.52,0.72,0.63,0.56,0.69,0.37,0.42,0.24,0.61,1.0,0.72,0.36,0.66,0.34,0.75,0.25,0.55,0.45,0.68,0.32,CON,1.0,2.0,17.66,615.46,264.95,31.0,79.64,110.64,59.07,18.68,9.05,41.38,56.88,221.12,95.49,70.84,54.39,59.44,285.25,120.51,63.08,20.73,45.16,0.0,9.65,2.18,0.29,0.79,1.58,0.0,2.39,0.37,10.71,4.29,0.85,1.83,0.41,0.77,31.62,22.31,71.32,0.38,0.57,72.08,0.0,11.42,91.3,0.4,270.62,115.42,83.92,65.31,741.87,36.11,320.12,127.41,24.89,71.82,23.96,76.51,11.78,343.26,137.65,27.03,58.94,54.25
11,0,0.71,0,,,,0.66,0.86,0.55,0.54,0.63,0.73,0.55,0.73,0.76,0.74,0.64,0.34,0.2,0.44,0.62,0.67,0.62,0.72,0.62,0.33,0.39,0.35,1.0,0.78,0.46,0.61,0.34,0.61,0.4,0.7,1.0,0.92,0.29,0.47,0.53,0.69,0.31,0.23,0.77,0.44,0.56,CON,2.37,2.35,15.91,598.36,238.92,30.82,70.0,100.82,53.8,21.44,11.15,38.85,57.97,212.07,88.51,60.54,45.57,51.65,238.92,100.82,53.8,21.44,38.85,0.0,8.86,1.98,0.4,0.78,1.42,0.0,2.02,0.33,10.17,3.65,0.83,1.8,0.43,0.81,29.06,15.83,68.67,0.4,0.61,56.94,0.17,9.3,69.62,0.54,242.98,106.05,60.46,47.87,701.89,31.35,281.3,100.97,23.43,60.93,21.32,57.35,9.57,284.32,103.31,24.12,52.76,52.35
2,0,0.57,0,0.0,0.0,0.0,0.46,0.32,0.56,0.56,0.06,0.11,0.47,0.27,0.37,0.39,0.71,0.39,0.53,0.16,0.38,0.56,0.32,0.42,0.43,0.22,0.13,0.36,0.19,0.19,0.42,0.56,0.58,0.59,0.57,0.51,0.0,0.04,0.25,0.42,0.58,0.47,0.53,0.42,0.58,0.47,0.53,DET,2.37,2.35,17.89,627.2,233.32,33.43,63.53,96.97,49.13,24.64,8.24,49.43,64.29,198.25,87.59,69.46,51.61,24.24,233.32,96.97,49.13,24.64,49.43,0.0,7.92,1.69,0.27,0.88,1.68,0.0,1.91,0.3,9.3,3.84,0.94,1.93,0.44,0.74,30.0,24.45,73.05,0.36,0.62,58.4,0.0,9.35,76.82,0.36,242.5,107.85,86.31,64.24,758.47,41.53,286.22,118.35,28.21,24.45,6.29,58.4,9.35,286.22,118.35,28.21,58.99,58.99
3,0,0.86,0,0.0,0.0,0.0,0.26,0.23,0.24,0.18,0.37,0.34,0.39,0.21,0.29,0.27,0.41,0.2,0.39,0.12,0.21,0.43,0.18,0.33,0.28,0.18,0.06,0.07,0.36,0.21,0.17,0.22,0.43,0.36,0.28,0.39,0.0,0.24,0.26,0.26,0.74,0.34,0.66,0.25,0.75,0.29,0.71,DET,2.37,2.35,16.13,610.67,202.48,30.14,60.22,90.36,43.73,20.79,8.11,46.41,55.58,184.08,75.25,50.89,38.86,36.69,202.48,90.36,43.73,20.79,46.41,0.0,7.17,1.51,0.28,0.75,1.64,0.0,1.63,0.3,8.11,3.68,0.84,1.8,0.41,0.73,28.08,17.3,63.1,0.43,0.6,49.28,0.0,8.63,68.66,0.38,211.52,86.43,63.74,47.6,689.18,34.36,234.11,103.02,24.5,38.87,13.66,49.28,8.63,234.11,103.02,24.5,52.33,52.33
4,0,1.0,1,1.0,1.0,1.0,0.25,0.24,0.42,0.44,0.22,0.27,0.56,0.46,0.55,0.3,0.43,0.08,0.58,0.45,0.22,0.38,0.34,0.38,0.33,0.27,0.3,0.26,0.27,0.21,0.26,0.41,0.53,0.2,0.5,0.39,0.0,0.08,0.18,0.22,0.78,0.4,0.6,0.09,0.91,0.23,0.77,DET,2.37,2.35,15.84,568.8,196.5,32.14,65.83,97.97,43.78,18.38,11.54,47.5,51.53,171.43,69.91,63.9,47.02,32.1,196.5,97.97,43.78,18.38,47.5,0.0,7.63,1.78,0.43,0.74,1.88,0.0,1.79,0.56,7.89,3.67,0.88,2.03,0.39,0.68,28.72,19.64,66.22,0.41,0.59,51.37,0.0,16.41,75.6,0.31,210.88,83.81,73.67,53.35,699.6,34.46,235.72,110.06,25.13,52.14,14.75,51.37,16.41,235.72,110.06,25.13,58.9,58.9
5,0,0.0,1,0.5,0.0,0.0,0.53,0.35,0.87,1.0,0.28,0.2,0.65,0.8,0.84,0.53,0.42,0.41,0.87,0.62,0.55,0.57,0.67,0.24,0.23,0.35,0.51,0.69,0.28,0.37,0.39,0.98,0.75,0.41,0.43,0.49,1.0,0.8,0.38,0.82,0.18,0.75,0.25,0.86,0.14,0.81,0.19,DET,6.0,2.0,22.32,786.97,303.09,42.58,99.91,142.49,65.38,29.97,19.16,66.93,68.28,234.8,107.23,104.3,74.79,35.63,374.78,177.58,83.01,36.05,79.45,0.26,11.49,2.54,0.73,1.13,2.46,2.0,2.65,0.77,11.31,5.67,1.13,2.45,0.42,0.72,32.06,24.97,74.36,0.47,0.64,70.07,0.26,20.08,105.81,0.39,242.16,107.51,103.95,74.36,835.25,44.54,302.15,150.35,31.38,34.06,12.79,86.22,25.02,367.97,184.52,36.5,79.76,68.35
6,0,0.29,1,0.5,0.0,0.0,0.47,0.48,0.67,0.78,0.0,0.01,0.74,0.6,0.73,0.59,0.55,0.48,0.46,0.56,0.41,0.46,0.47,0.39,0.34,0.5,0.49,0.33,0.43,0.35,0.43,0.79,0.61,0.41,0.44,0.48,1.0,0.72,0.51,0.5,0.5,0.44,0.56,0.62,0.38,0.56,0.44,DET,1.0,2.0,21.1,752.55,275.9,45.23,88.75,133.98,65.56,31.89,17.67,55.39,70.01,240.57,101.12,94.06,66.72,23.24,298.6,144.35,70.47,34.75,59.51,0.0,9.34,2.22,0.6,1.11,1.93,0.0,2.3,0.55,10.48,4.5,1.09,2.0,0.42,0.72,29.51,24.89,74.2,0.48,0.67,67.07,0.0,16.06,89.51,1.1,254.75,108.11,97.74,71.18,812.45,41.64,300.57,131.16,31.76,37.64,13.17,70.65,17.3,316.62,138.41,33.73,61.79,58.82
7,0,0.43,1,1.0,1.0,1.0,0.38,0.43,0.52,0.74,0.06,0.06,0.81,0.68,0.82,0.29,0.89,0.29,0.71,0.6,0.32,0.28,0.3,0.65,0.64,0.31,0.32,0.03,0.47,0.28,0.29,0.86,0.5,0.5,0.48,0.4,1.0,0.84,0.5,0.47,0.53,0.69,0.31,0.23,0.77,0.56,0.44,DET,0.0,2.0,16.08,585.61,199.06,33.26,69.78,103.04,41.22,20.56,13.78,46.94,60.85,180.89,73.1,67.53,45.62,22.7,211.81,109.2,43.49,21.77,49.31,0.0,8.0,1.72,0.52,0.81,1.86,0.0,1.95,0.63,9.33,4.36,1.02,2.24,0.38,0.69,25.05,20.97,66.69,0.42,0.65,48.27,0.0,16.02,79.18,1.42,222.6,87.85,75.51,52.61,683.62,34.84,241.2,114.02,26.37,41.12,12.88,50.29,16.94,252.99,119.18,27.15,57.67,55.37
8,0,0.14,1,1.0,1.0,0.5,0.56,0.64,0.66,0.67,0.34,0.35,0.78,0.87,0.95,0.62,0.74,0.14,0.56,0.48,0.53,0.41,0.54,0.55,0.53,0.42,0.55,0.32,0.51,0.41,0.29,0.81,0.52,0.45,0.27,0.48,1.0,0.68,0.5,0.74,0.26,0.81,0.19,0.62,0.38,0.75,0.25,DET,7.0,3.0,22.58,773.18,293.83,43.49,99.64,143.12,67.03,23.62,14.47,55.97,74.91,250.37,105.65,86.71,65.96,48.75,383.62,183.63,87.1,30.41,73.04,0.29,11.81,2.78,0.56,1.0,2.39,2.0,2.94,0.39,12.19,5.58,1.1,2.32,0.41,0.75,31.4,23.61,77.41,0.49,0.62,76.71,0.31,10.05,97.89,0.33,260.25,108.99,102.13,77.83,807.22,46.08,315.5,143.98,29.65,57.65,19.69,96.5,12.61,403.32,181.98,35.88,75.99,60.58
9,0,0.0,1,1.0,1.0,1.0,0.68,0.7,0.78,0.77,0.43,0.4,0.66,1.0,1.0,0.59,0.71,0.22,0.68,0.35,0.66,0.54,0.65,0.6,0.56,0.56,0.66,0.24,0.56,0.42,0.53,0.95,0.53,0.54,0.34,0.6,1.0,0.72,0.54,0.78,0.22,0.69,0.31,0.86,0.14,0.75,0.25,DET,6.0,5.0,17.58,683.57,277.67,32.86,87.74,120.6,60.92,24.03,9.49,51.96,61.04,231.99,99.25,80.29,61.9,49.93,367.86,166.11,80.0,29.1,67.67,0.22,12.92,2.62,0.53,1.09,2.6,2.0,2.27,0.59,12.17,6.34,1.15,2.18,0.42,0.75,28.95,15.87,66.94,0.48,0.61,55.7,0.2,13.37,90.07,0.81,238.73,103.39,78.91,60.87,710.11,39.52,284.92,129.59,27.64,51.35,17.26,70.16,16.46,355.49,167.98,31.95,62.17,50.14
10,0,0.0,1,1.0,0.5,0.0,0.68,0.74,0.67,0.67,0.48,0.45,0.78,0.78,0.88,0.73,0.78,0.49,0.38,0.36,0.64,0.48,0.52,0.64,0.61,0.62,0.67,0.32,0.51,0.41,0.45,0.93,0.21,0.7,0.36,0.59,1.0,0.76,0.52,0.7,0.3,0.81,0.19,0.55,0.45,0.87,0.13,DET,7.0,2.0,14.2,560.44,227.36,29.42,65.62,95.04,53.98,22.22,8.58,37.37,53.2,192.89,82.47,60.69,46.16,45.16,287.72,120.27,65.38,27.65,47.4,0.11,11.51,2.58,0.57,1.05,1.97,1.0,2.36,0.44,10.61,4.79,1.13,1.86,0.43,0.77,28.23,16.96,64.17,0.48,0.61,60.6,0.11,10.75,82.55,0.3,228.01,99.62,73.37,55.78,699.6,35.52,274.17,118.07,29.26,53.67,19.15,68.67,12.21,320.32,135.31,33.17,54.47,47.28
11,1,0.29,0,,,,0.69,0.72,0.62,0.61,0.41,0.39,0.62,0.8,0.84,0.63,0.91,0.4,0.6,0.22,0.62,0.55,0.58,0.83,0.76,0.59,0.66,0.3,0.57,0.44,0.46,0.74,0.55,0.54,0.29,0.69,1.0,0.92,0.39,0.54,0.46,0.62,0.38,0.47,0.53,0.5,0.5,DET,3.0,2.0,15.99,604.59,235.0,29.96,72.24,102.2,51.8,21.72,7.82,44.54,62.15,203.3,87.22,60.2,45.3,42.39,270.18,116.56,58.99,25.43,52.74,0.0,9.33,2.12,0.37,0.96,1.9,0.0,1.56,0.19,7.3,3.38,0.85,1.37,0.38,0.74,27.26,10.33,46.83,0.23,0.44,39.22,0.0,5.72,68.09,0.0,160.03,63.21,51.94,40.64,491.7,22.63,179.93,90.72,21.6,46.72,12.86,42.49,5.72,204.4,97.3,24.04,38.48,34.64
2,1,0.14,1,0.5,0.0,0.0,0.51,0.21,0.56,0.4,0.5,0.48,0.15,0.48,0.39,0.35,0.26,0.52,0.14,0.27,0.49,0.28,0.29,0.12,0.13,0.16,0.23,0.13,0.12,0.06,0.29,0.46,0.24,0.35,0.1,0.22,0.0,0.12,0.69,0.96,0.04,0.87,0.13,1.0,0.0,0.88,0.12,HOU,6.0,0.0,21.93,777.6,332.14,32.32,88.64,120.97,64.21,36.22,12.84,54.36,59.52,251.88,119.99,83.28,69.28,63.69,393.02,143.83,74.08,43.13,63.83,0.46,12.77,2.4,0.47,1.4,2.08,3.0,1.28,0.45,9.56,5.25,1.08,1.71,0.46,0.79,28.88,22.1,64.99,0.45,0.6,33.27,0.28,11.56,92.44,0.43,199.93,94.11,60.9,49.52,732.79,41.66,255.67,134.1,28.05,50.09,17.94,39.65,13.76,295.63,161.75,33.22,52.72,43.92
3,1,0.43,1,0.5,0.0,0.0,0.21,0.23,0.24,0.17,0.34,0.39,0.5,0.44,0.51,0.12,0.13,0.34,0.12,0.21,0.17,0.18,0.23,0.1,0.12,0.3,0.32,0.17,0.31,0.21,0.22,0.1,0.34,0.17,0.36,0.17,0.0,0.08,0.61,0.63,0.37,0.67,0.33,0.58,0.42,0.64,0.35,HOU,0.0,2.0,21.06,770.74,279.01,40.07,83.8,123.87,54.87,32.03,10.57,52.1,58.27,255.56,101.17,70.46,57.62,59.18,294.43,132.22,58.19,33.08,55.73,0.17,9.49,1.86,0.37,1.06,1.8,1.0,2.54,0.45,11.38,4.44,1.57,2.12,0.4,0.74,30.78,24.93,63.05,0.35,0.7,75.16,0.25,13.44,91.85,0.43,285.42,118.76,84.4,68.82,878.05,36.3,329.67,128.16,46.51,70.17,23.32,79.85,13.91,354.51,138.27,49.26,66.11,61.97
4,1,0.14,1,0.5,0.0,0.0,0.22,0.05,0.36,0.28,0.21,0.21,0.27,0.42,0.4,0.2,0.0,0.39,0.2,0.41,0.19,0.1,0.22,0.02,0.02,0.3,0.39,0.24,0.26,0.19,0.2,0.28,0.43,0.29,0.0,0.08,0.0,0.04,0.65,0.84,0.16,0.87,0.13,0.75,0.25,0.82,0.18,HOU,1.0,2.0,18.85,689.52,248.6,31.93,76.39,108.32,49.85,29.98,12.35,48.24,44.8,212.76,90.98,67.15,54.42,37.6,273.95,119.48,54.41,33.48,51.38,0.14,9.16,1.91,0.5,1.19,1.83,1.0,2.99,0.48,13.39,4.59,1.35,2.38,0.41,0.82,30.81,26.42,57.37,0.36,0.75,85.16,0.29,13.15,91.86,0.0,304.6,129.65,104.37,87.18,929.65,36.39,368.72,128.25,37.45,66.88,22.25,92.39,14.93,413.66,141.26,42.15,73.19,67.61
5,1,0.14,0,0.0,0.0,0.0,0.38,0.24,0.42,0.32,0.24,0.23,0.11,0.58,0.46,0.26,0.07,0.24,0.18,0.43,0.32,0.37,0.39,0.0,0.01,0.39,0.41,0.17,0.37,0.26,0.43,0.4,0.2,0.15,0.38,0.28,1.0,0.68,0.46,0.62,0.38,0.81,0.19,0.39,0.61,0.6,0.4,HOU,1.0,2.0,20.79,763.88,266.02,28.26,87.0,115.26,54.3,27.93,15.1,48.53,51.67,227.2,98.16,69.38,55.81,42.13,290.43,126.97,58.9,30.58,52.26,0.25,11.33,2.54,0.57,1.08,2.11,2.0,1.97,0.61,9.91,4.05,1.04,1.81,0.4,0.76,28.58,17.36,53.54,0.31,0.6,54.98,0.27,16.97,81.3,0.25,239.06,100.7,73.92,57.11,718.15,30.37,275.78,111.67,29.06,51.15,17.27,60.22,18.8,300.69,123.0,31.62,53.89,50.08
6,1,0.71,1,1.0,0.5,0.0,0.31,0.26,0.37,0.35,0.28,0.26,0.33,0.48,0.47,0.21,0.27,0.3,0.33,0.29,0.27,0.4,0.37,0.18,0.18,0.3,0.27,0.38,0.41,0.35,0.51,0.49,0.41,0.31,0.43,0.34,1.0,0.72,0.4,0.35,0.65,0.5,0.5,0.23,0.77,0.27,0.73,HOU,2.37,2.35,19.11,717.82,249.69,31.75,78.83,110.58,48.33,25.49,12.19,49.25,54.76,220.95,91.9,68.76,51.52,41.18,249.69,110.58,48.33,25.49,49.25,0.0,8.68,1.61,0.42,0.86,1.69,0.0,2.06,0.39,9.86,4.3,1.01,1.87,0.42,0.71,25.57,20.19,53.53,0.34,0.69,54.76,0.0,10.27,81.33,0.17,231.79,97.77,71.57,53.57,733.99,29.99,262.4,111.32,26.66,36.44,13.29,55.13,10.27,267.11,113.04,27.64,47.91,47.04
7,1,0.29,1,0.5,0.0,0.0,0.44,0.24,0.58,0.54,0.0,0.0,0.16,0.37,0.32,0.26,0.35,0.32,0.07,0.28,0.36,0.43,0.3,0.26,0.24,0.28,0.24,0.04,0.32,0.17,0.52,0.61,0.0,0.35,0.3,0.38,1.0,0.76,0.31,0.58,0.42,0.62,0.38,0.55,0.45,0.5,0.5,HOU,2.0,3.0,19.93,706.57,253.29,25.38,67.79,93.17,52.22,26.85,11.4,42.25,56.79,208.04,93.57,75.88,59.49,21.28,293.1,108.56,60.03,30.44,49.89,0.14,10.26,2.22,0.45,1.09,1.83,1.0,2.48,0.46,9.98,3.94,1.05,1.94,0.43,0.76,26.45,18.17,55.71,0.31,0.61,59.02,0.16,11.27,66.85,0.64,200.86,89.09,74.33,57.53,666.23,26.65,242.03,93.5,25.04,20.22,6.33,67.05,12.71,280.4,109.32,28.3,51.91,43.6
8,1,0.29,0,0.0,0.0,0.0,0.58,0.48,0.44,0.51,0.48,0.45,0.29,0.72,0.64,0.48,0.46,0.35,0.69,0.14,0.51,0.61,0.61,0.32,0.35,0.28,0.41,0.39,0.58,0.48,0.47,0.7,0.67,0.5,0.13,0.53,1.0,0.84,0.36,0.54,0.46,0.69,0.31,0.39,0.61,0.56,0.44,HOU,0.0,2.0,18.08,659.21,253.01,25.82,77.73,103.54,55.13,24.65,8.43,50.57,51.89,210.96,93.47,64.96,48.16,49.17,267.53,108.63,57.79,25.43,53.23,0.37,10.29,2.2,0.32,0.93,2.11,3.0,1.87,0.4,10.38,4.28,0.99,1.93,0.44,0.75,28.89,17.58,61.51,0.3,0.6,50.03,0.28,10.43,85.93,0.68,232.56,103.63,72.22,53.86,687.25,31.85,276.51,117.78,27.49,45.31,15.4,53.98,11.88,295.41,124.79,29.05,54.75,51.73
9,1,0.57,0,0.0,0.0,0.0,0.56,0.55,0.66,0.61,0.29,0.27,0.63,0.59,0.68,0.57,0.57,0.55,0.98,0.3,0.52,0.6,0.57,0.69,0.56,0.56,0.6,0.42,0.41,0.37,0.68,0.58,0.75,0.69,0.66,0.68,1.0,0.64,0.4,0.35,0.65,0.38,0.62,0.39,0.61,0.44,0.56,HOU,2.37,2.35,15.76,572.04,220.77,29.41,66.5,95.92,47.13,22.89,9.1,49.62,50.67,184.91,80.01,61.47,49.34,31.59,220.77,95.92,47.13,22.89,49.62,0.0,8.44,2.18,0.33,1.02,2.12,0.0,2.05,0.39,10.23,4.35,0.97,2.13,0.43,0.79,30.11,20.82,71.96,0.34,0.61,59.09,0.0,12.29,96.02,0.39,258.83,111.55,85.74,68.62,755.34,39.81,309.44,135.83,28.69,49.01,17.73,61.44,12.46,314.23,137.9,29.13,65.9,64.83
2,0,0.86,0,0.0,0.0,0.0,0.31,0.13,0.28,0.24,0.59,0.53,0.2,0.28,0.27,0.38,0.53,0.45,0.48,0.41,0.29,0.41,0.21,0.48,0.46,0.09,0.1,0.3,0.17,0.16,0.47,0.31,0.47,0.33,0.03,0.4,0.0,0.04,0.61,0.22,0.78,0.27,0.73,0.25,0.75,0.29,0.71,IND,2.37,2.35,18.2,662.59,234.94,27.52,68.11,95.62,50.06,29.63,11.98,49.14,62.49,193.36,84.14,57.45,43.82,60.93,234.94,95.62,50.06,29.63,49.14,0.0,7.68,1.68,0.4,0.96,1.68,0.0,1.71,0.3,7.81,3.25,1.06,1.65,0.41,0.74,28.76,17.63,64.56,0.33,0.58,51.57,0.0,8.58,67.58,0.94,198.65,82.3,56.04,42.8,686.93,28.25,234.02,95.83,32.87,71.48,26.61,51.57,8.58,234.02,95.83,32.87,49.18,49.18
3,0,0.71,1,0.5,0.0,0.0,0.24,0.11,0.42,0.3,0.43,0.4,0.21,0.28,0.27,0.23,0.4,0.3,0.36,0.36,0.25,0.44,0.25,0.24,0.28,0.2,0.12,0.22,0.25,0.18,0.6,0.32,0.39,0.29,0.51,0.37,0.0,0.12,0.4,0.26,0.74,0.4,0.6,0.17,0.83,0.29,0.71,IND,2.37,2.35,15.81,583.1,195.63,25.0,57.27,82.28,43.86,24.14,9.55,44.65,53.81,163.1,68.34,55.11,44.42,40.93,195.63,82.28,43.86,24.14,44.65,0.0,6.99,1.52,0.35,0.82,1.59,0.0,1.3,0.22,6.4,2.56,0.67,1.47,0.4,0.81,26.98,17.21,54.27,0.22,0.49,35.31,0.0,5.97,46.98,0.7,154.7,63.89,52.37,40.06,555.04,23.65,181.77,70.64,17.94,43.74,13.93,35.68,5.97,182.8,70.95,18.1,41.13,41.08
4,0,0.43,0,0.0,0.0,0.0,0.17,0.11,0.36,0.27,0.53,0.57,0.35,0.24,0.3,0.2,0.28,0.44,0.13,0.24,0.21,0.33,0.16,0.09,0.12,0.35,0.33,0.12,0.2,0.11,0.4,0.45,0.19,0.31,0.55,0.27,0.0,0.04,0.38,0.5,0.5,0.6,0.4,0.42,0.58,0.59,0.41,IND,1.0,2.0,17.69,658.1,230.42,34.43,68.75,103.18,49.5,30.51,10.52,45.14,57.77,193.26,79.08,65.32,51.95,58.47,251.83,113.51,54.7,31.79,50.32,0.15,9.16,2.27,0.37,1.25,1.91,1.0,2.46,0.49,9.66,4.77,1.38,1.94,0.41,0.74,25.96,17.08,62.16,0.42,0.66,52.5,0.15,13.36,78.03,1.14,196.65,83.04,76.35,60.09,688.97,41.15,246.74,119.18,32.66,54.75,20.56,58.25,14.57,274.55,132.67,34.54,51.89,47.36
5,0,0.57,0,0.0,0.0,0.0,0.4,0.36,0.35,0.23,0.67,0.66,0.44,0.3,0.38,0.51,0.61,0.6,0.29,0.38,0.39,0.4,0.26,0.45,0.4,0.33,0.24,0.24,0.29,0.22,0.62,0.39,0.2,0.47,0.73,0.43,1.0,0.76,0.42,0.47,0.53,0.62,0.38,0.31,0.69,0.5,0.5,IND,2.37,2.35,19.38,711.18,262.96,38.74,73.71,112.45,56.16,32.55,13.19,48.01,69.94,218.84,93.74,65.94,52.73,62.58,262.96,112.45,56.16,32.55,48.01,0.0,8.2,1.85,0.41,1.04,1.54,0.0,1.85,0.47,9.28,3.81,1.04,1.55,0.42,0.77,31.04,19.07,76.72,0.43,0.59,58.4,0.0,15.26,79.87,0.72,245.01,106.63,76.57,60.62,760.26,44.67,300.92,124.53,32.86,70.05,27.04,58.78,15.26,302.75,125.84,33.07,49.93,49.86
6,0,0.71,1,1.0,0.5,0.0,0.3,0.36,0.35,0.27,0.47,0.46,0.73,0.43,0.6,0.56,0.52,0.4,0.34,0.46,0.28,0.33,0.21,0.52,0.51,0.15,0.08,0.08,0.32,0.19,0.43,0.27,0.47,0.29,0.67,0.37,1.0,0.72,0.35,0.43,0.57,0.56,0.44,0.31,0.69,0.37,0.63,IND,2.37,2.35,19.45,722.37,248.42,42.24,77.02,119.26,60.09,29.01,14.31,48.66,65.79,222.1,88.2,67.28,53.04,54.34,248.42,119.26,60.09,29.01,48.66,0.14,7.69,1.94,0.45,0.92,1.56,1.0,2.06,0.53,9.17,4.43,1.1,1.79,0.41,0.78,32.06,24.44,79.85,0.4,0.63,66.58,0.16,17.05,92.86,1.92,264.4,107.59,79.39,63.2,818.27,49.99,298.14,142.85,35.54,57.33,19.76,67.16,17.1,299.3,143.69,35.96,57.71,57.24
7,0,0.14,1,0.5,0.0,0.0,0.28,0.29,0.35,0.3,0.4,0.44,0.47,0.34,0.42,0.35,0.61,0.8,0.3,0.21,0.26,0.26,0.14,0.37,0.41,0.16,0.12,0.07,0.38,0.23,0.16,0.44,0.25,0.65,0.31,0.28,1.0,0.84,0.42,0.66,0.34,0.81,0.19,0.47,0.53,0.75,0.25,IND,2.0,2.0,21.12,772.12,250.87,36.39,77.52,113.91,60.1,40.48,8.98,50.95,71.93,220.87,88.59,71.06,54.23,60.46,281.5,128.55,65.87,44.65,55.44,0.16,8.42,2.0,0.3,1.35,1.68,1.0,2.22,0.28,9.2,3.88,1.31,1.9,0.39,0.75,32.22,24.09,74.23,0.33,0.66,69.53,0.16,8.77,85.21,0.38,242.72,96.11,85.26,67.04,868.04,34.83,287.36,120.04,40.95,83.02,28.1,73.03,9.11,304.77,128.05,43.27,62.31,58.23
8,0,0.29,1,1.0,0.5,0.0,0.47,0.54,0.55,0.5,0.49,0.58,0.46,0.55,0.58,0.38,0.42,0.9,0.52,0.2,0.46,0.51,0.41,0.24,0.24,0.23,0.29,0.12,0.55,0.36,0.4,0.61,0.41,0.88,0.25,0.42,1.0,0.72,0.32,0.66,0.34,0.69,0.31,0.62,0.38,0.62,0.38,IND,0.0,2.0,22.6,797.91,296.96,38.73,89.18,127.91,60.54,44.09,11.51,57.07,67.3,254.49,104.67,85.23,66.93,65.56,314.41,135.42,63.04,45.23,60.34,0.15,9.58,1.92,0.38,1.37,1.85,1.0,2.06,0.54,10.79,4.73,1.48,2.07,0.41,0.72,31.94,27.75,77.75,0.41,0.68,66.03,0.14,16.53,102.16,0.54,288.9,120.44,103.89,77.91,892.22,46.85,339.31,149.0,48.04,66.52,20.52,68.14,17.08,354.53,154.78,49.0,67.92,65.15
9,0,0.14,1,0.5,0.0,0.0,0.54,0.57,0.43,0.36,0.57,0.57,0.47,0.7,0.69,0.41,0.54,0.65,0.79,0.48,0.49,0.5,0.57,0.34,0.34,0.33,0.38,0.57,0.6,0.56,0.29,0.52,0.55,0.85,0.32,0.47,1.0,0.76,0.38,0.66,0.34,0.69,0.31,0.62,0.38,0.62,0.38,IND,3.0,3.0,18.94,695.58,261.1,34.53,84.07,118.6,54.35,33.4,13.77,57.63,65.65,224.55,94.4,67.27,52.29,58.26,311.97,143.4,64.56,38.89,65.51,0.12,10.47,2.22,0.56,1.36,2.15,1.0,2.22,0.64,10.09,4.78,1.42,2.16,0.43,0.74,27.54,18.32,66.76,0.35,0.58,56.53,0.1,14.86,79.28,0.42,217.93,94.42,72.64,54.45,662.86,34.05,263.23,113.32,35.32,60.22,19.93,63.22,16.58,290.57,128.69,39.72,63.37,57.87
10,0,0.43,1,1.0,1.0,0.5,0.48,0.59,0.48,0.45,0.74,0.77,0.51,0.61,0.64,0.38,0.79,0.74,0.77,0.67,0.49,0.53,0.5,0.58,0.54,0.22,0.22,0.4,0.7,0.58,0.3,0.5,0.65,0.84,0.44,0.54,1.0,0.88,0.36,0.5,0.5,0.62,0.38,0.39,0.61,0.62,0.38,IND,1.0,2.0,19.8,699.97,258.45,35.47,79.38,114.85,51.53,33.46,15.59,54.38,67.3,224.47,91.51,67.93,51.68,67.79,281.77,124.55,56.29,35.77,59.05,0.12,9.34,1.93,0.56,1.2,2.09,1.0,2.0,0.59,9.96,4.89,1.33,2.09,0.41,0.73,28.45,23.07,76.84,0.43,0.63,53.4,0.12,16.13,89.63,0.91,229.25,95.74,81.5,60.97,749.85,43.15,271.63,132.78,36.24,53.68,19.18,58.56,17.78,295.31,144.48,39.22,61.31,56.73
11,0,0.0,1,,,,0.5,0.63,0.84,0.67,0.68,0.72,0.48,0.62,0.64,0.47,0.68,1.0,0.54,0.35,0.59,0.57,0.49,0.55,0.51,0.31,0.38,0.29,0.75,0.57,0.37,0.68,0.49,0.96,0.33,0.57,1.0,0.84,0.38,0.7,0.3,0.81,0.19,0.55,0.45,0.84,0.16,IND,6.0,4.0,19.29,689.4,269.43,33.52,79.92,113.44,53.53,40.13,10.98,50.34,63.87,226.6,90.83,77.78,64.61,68.82,358.31,149.12,72.11,50.44,65.15,0.13,11.74,2.3,0.58,1.56,2.09,1.0,2.45,0.8,13.85,5.4,1.62,2.25,0.41,0.83,32.16,20.35,74.36,0.39,0.62,59.65,0.15,19.01,96.55,1.16,285.26,115.72,99.48,83.79,794.1,36.46,345.92,133.01,41.8,90.01,30.69,79.83,25.31,444.72,173.59,52.8,71.94,57.54
2,1,0.0,1,1.0,1.0,1.0,0.44,0.29,0.63,0.54,0.4,0.41,0.31,0.62,0.57,0.67,0.72,0.45,0.25,0.61,0.45,0.26,0.32,0.46,0.51,0.15,0.22,0.18,0.29,0.2,0.19,0.47,0.31,0.37,0.25,0.31,0.0,0.08,0.24,1.0,0.0,0.93,0.07,1.0,0.0,0.88,0.12,LAS,2.0,2.0,21.89,752.05,298.55,36.93,97.86,134.79,69.29,31.86,20.82,53.8,84.0,238.29,106.47,85.43,68.07,51.38,338.8,152.43,78.15,34.66,61.14,0.0,10.75,2.48,0.71,1.1,1.95,0.0,2.64,0.79,11.75,5.52,1.19,2.11,0.45,0.77,30.95,25.43,94.88,0.44,0.66,74.51,0.0,23.4,113.93,2.21,266.05,120.8,92.18,73.37,825.42,43.35,331.86,157.29,34.88,47.71,16.88,83.02,24.98,369.42,173.46,37.52,65.98,59.16
3,1,0.0,1,1.0,1.0,1.0,0.56,0.39,0.35,0.3,0.44,0.39,0.51,0.55,0.6,0.7,0.45,0.5,0.13,0.49,0.46,0.27,0.34,0.25,0.21,0.5,0.64,0.15,0.16,0.09,0.51,0.22,0.25,0.24,0.32,0.3,0.0,0.12,0.45,1.0,0.0,1.0,0.0,0.92,0.08,1.0,0.0,LAS,6.0,1.0,21.22,782.61,307.19,41.64,95.42,137.06,73.17,33.38,18.71,53.57,73.87,252.22,114.01,77.49,59.12,53.26,377.72,170.23,91.67,39.5,64.9,0.15,12.45,3.04,0.87,1.3,2.15,1.0,2.51,0.85,12.3,5.34,1.2,2.13,0.44,0.73,28.71,21.25,74.61,0.37,0.63,61.7,0.15,18.95,89.48,1.13,263.13,113.99,81.08,62.17,754.86,41.59,309.52,131.06,30.54,58.39,19.38,74.21,26.28,370.2,160.91,35.97,63.88,53.78
4,1,0.0,1,1.0,1.0,0.5,0.51,0.35,0.43,0.43,0.6,0.52,0.41,0.7,0.68,0.66,0.6,0.38,0.48,0.64,0.47,0.31,0.4,0.42,0.42,0.36,0.46,0.26,0.21,0.17,0.41,0.35,0.52,0.24,0.3,0.36,0.0,0.12,0.64,0.88,0.12,0.73,0.27,1.0,0.0,0.88,0.12,LAS,6.0,0.0,21.06,759.69,299.78,36.69,102.12,138.81,69.91,29.53,21.75,61.43,76.27,245.22,108.71,78.68,59.41,61.31,358.89,164.12,84.78,37.23,70.83,0.15,11.73,2.75,0.83,1.22,2.33,1.0,2.51,0.82,11.78,5.22,1.18,2.25,0.43,0.74,30.46,22.77,81.74,0.4,0.64,65.81,0.23,22.14,101.62,1.98,263.24,114.68,81.41,61.9,793.79,37.9,315.3,139.53,30.1,64.51,24.03,78.29,25.5,364.66,160.8,36.5,69.66,61.74
5,1,0.0,1,0.5,0.0,0.0,0.51,0.54,0.61,0.51,0.51,0.54,0.45,0.7,0.69,0.67,0.65,0.3,0.27,0.64,0.51,0.47,0.52,0.48,0.53,0.52,0.5,0.28,0.59,0.45,0.62,0.48,0.29,0.3,0.42,0.52,1.0,0.8,0.5,0.78,0.22,0.62,0.38,0.94,0.06,0.76,0.24,LAS,5.0,4.0,18.58,685.74,266.17,32.7,84.64,117.34,62.96,24.3,18.27,49.87,63.66,224.03,94.12,74.54,59.4,54.58,342.32,148.77,83.62,32.82,62.44,0.12,12.19,2.74,0.99,1.13,2.24,1.0,3.75,1.16,15.15,6.74,1.48,2.9,0.43,0.78,30.52,28.7,86.73,0.43,0.78,92.43,0.15,24.91,115.88,1.43,297.42,125.99,100.97,79.28,952.75,42.84,352.85,158.71,34.35,63.31,21.59,117.72,31.64,445.97,196.8,44.61,87.68,72.41
6,1,0.0,1,0.5,0.0,0.0,0.53,0.44,0.59,0.61,0.43,0.35,0.33,0.69,0.63,0.81,0.8,0.4,0.53,0.56,0.5,0.35,0.46,0.63,0.65,0.41,0.44,0.4,0.42,0.37,0.49,0.69,0.61,0.51,0.32,0.46,1.0,0.92,0.59,0.82,0.18,0.88,0.12,0.7,0.3,0.78,0.22,LAS,1.0,2.0,20.04,743.57,283.24,33.01,90.74,123.76,71.8,28.67,18.09,57.38,75.69,232.69,102.19,81.48,60.58,47.58,303.89,133.29,76.99,30.41,63.04,0.14,9.97,2.46,0.62,1.01,2.1,1.0,2.54,0.63,11.14,4.81,1.07,2.08,0.41,0.74,28.21,20.15,75.26,0.43,0.64,73.62,0.13,18.78,100.48,0.7,262.51,113.92,89.85,68.06,758.07,34.57,313.43,135.04,30.36,44.79,17.53,78.63,20.05,333.53,144.26,32.01,62.92,57.52
7,1,0.43,1,1.0,0.5,0.0,0.47,0.41,0.37,0.39,0.28,0.3,0.38,0.37,0.41,0.55,0.82,0.41,0.37,0.48,0.38,0.36,0.31,0.55,0.54,0.46,0.46,0.36,0.38,0.32,0.6,0.48,0.33,0.6,0.33,0.45,1.0,0.64,0.46,0.5,0.5,0.62,0.38,0.39,0.61,0.55,0.45,LAS,0.0,2.0,18.99,681.68,252.6,34.52,73.12,107.64,56.93,27.22,15.46,50.84,69.51,219.33,95.25,70.79,51.42,34.66,266.56,112.13,60.55,29.14,53.83,0.0,8.91,2.18,0.49,1.02,1.86,0.0,2.52,0.58,9.62,4.07,1.06,1.98,0.45,0.69,29.72,20.62,78.21,0.41,0.63,78.07,0.15,18.74,90.24,1.12,259.71,116.37,79.51,55.51,787.98,36.92,297.69,127.15,31.83,31.51,9.45,80.06,19.43,308.01,131.6,33.57,63.47,61.35
8,1,0.0,0,0.0,0.0,0.0,0.66,0.61,0.62,0.62,0.22,0.29,0.51,0.8,0.79,0.75,0.64,0.59,0.55,0.43,0.56,0.49,0.56,0.57,0.57,0.52,0.57,0.39,0.47,0.4,0.6,0.41,0.58,0.64,0.42,0.55,1.0,0.68,0.42,0.82,0.18,0.88,0.12,0.7,0.3,0.81,0.19,LAS,2.0,3.0,16.24,629.89,256.98,33.77,84.56,118.33,58.89,27.57,12.94,49.1,61.98,213.92,96.9,73.75,54.61,29.18,289.1,133.62,66.58,30.7,54.89,0.25,9.45,2.14,0.51,1.02,1.79,2.0,1.96,0.39,9.12,4.75,1.0,1.67,0.43,0.77,29.03,14.78,62.12,0.39,0.55,51.97,0.13,9.95,83.21,0.34,206.29,91.26,60.7,47.97,643.91,40.05,236.35,123.26,26.96,22.22,5.85,58.83,11.42,266.22,139.05,29.58,49.02,44.97
9,1,0.86,1,1.0,0.5,0.0,0.61,0.76,0.48,0.38,0.44,0.42,0.54,0.62,0.67,0.56,0.81,0.31,0.71,0.29,0.53,0.67,0.59,0.77,0.73,0.5,0.5,0.43,0.71,0.59,0.77,0.28,0.62,0.62,0.49,0.74,1.0,0.8,0.45,0.23,0.77,0.25,0.75,0.31,0.69,0.22,0.79,LAS,2.37,2.35,13.93,540.13,200.04,27.68,61.03,88.71,43.48,19.71,8.76,43.03,54.94,180.75,74.31,49.28,38.92,35.94,200.04,88.71,43.48,19.71,43.03,0.0,8.33,1.84,0.36,0.81,2.06,0.0,1.54,0.74,9.38,4.9,0.83,2.04,0.4,0.76,30.0,19.54,75.96,0.33,0.54,43.66,0.13,22.4,108.61,1.15,255.68,108.01,73.81,54.46,676.0,40.4,284.72,149.02,24.94,43.91,14.25,45.66,24.17,298.51,156.87,26.16,61.98,59.01
10,1,0.29,1,1.0,0.5,0.0,0.64,0.68,0.62,0.6,0.4,0.47,0.69,0.91,0.94,0.76,0.75,0.34,0.87,1.0,0.58,0.52,0.7,0.64,0.63,0.47,0.52,0.52,0.53,0.49,0.42,0.75,0.71,0.51,0.52,0.59,1.0,0.96,0.52,0.62,0.38,0.69,0.31,0.55,0.45,0.62,0.38,LAS,3.0,3.0,17.78,646.81,266.1,38.79,93.12,131.91,57.68,24.53,25.61,57.21,63.93,220.63,98.64,76.0,56.3,39.17,309.12,154.7,67.98,28.7,66.95,0.26,9.93,2.3,0.93,0.93,2.24,2.0,2.73,1.01,13.62,6.17,1.22,2.98,0.42,0.76,31.78,28.5,79.22,0.47,0.71,78.08,0.26,28.52,128.81,0.59,331.46,145.64,107.69,83.05,898.78,47.68,400.4,176.48,35.34,73.48,26.07,86.48,32.85,436.52,197.35,38.98,94.47,86.04
11,1,0.29,1,,,,0.68,0.7,0.3,0.2,0.41,0.51,0.59,0.88,0.88,0.67,0.35,0.16,0.7,0.67,0.53,0.56,0.65,0.42,0.37,0.61,0.72,0.3,0.43,0.34,0.43,0.35,0.69,0.28,0.33,0.57,1.0,0.84,0.59,0.54,0.46,0.62,0.38,0.47,0.53,0.56,0.44,LAS,3.0,3.0,20.06,766.44,286.06,40.09,102.12,142.21,63.81,23.46,19.11,56.98,60.55,252.26,109.24,62.1,49.43,58.67,345.48,172.92,75.58,28.7,67.52,0.0,11.89,2.5,0.85,0.94,2.27,0.0,2.93,0.78,11.71,6.21,1.15,2.48,0.42,0.82,30.66,24.23,65.61,0.51,0.71,80.28,0.0,18.37,116.14,0.75,267.82,111.07,67.76,55.74,884.89,40.42,301.06,156.56,31.24,68.81,23.18,91.36,22.1,363.43,188.92,36.98,77.74,66.4
2,0,0.71,1,0.5,0.0,0.0,0.0,0.05,0.35,0.47,0.1,0.18,0.59,0.15,0.32,0.08,0.73,0.46,0.51,0.16,0.01,0.12,0.0,0.35,0.38,0.13,0.0,0.04,0.21,0.1,0.1,0.51,0.33,0.53,0.35,0.17,0.0,0.12,0.35,0.38,0.62,0.54,0.46,0.25,0.75,0.41,0.59,MIA,2.37,2.35,16.95,601.0,174.43,33.48,57.18,90.66,39.03,24.56,8.01,45.12,62.46,168.77,62.7,60.03,41.06,29.13,174.43,90.66,39.03,24.56,45.12,0.0,5.96,1.34,0.28,0.86,1.62,0.0,1.58,0.22,7.01,3.5,0.96,1.68,0.38,0.63,29.51,23.22,68.19,0.29,0.59,47.95,0.0,6.78,68.15,0.32,207.09,81.1,71.17,47.53,726.21,37.9,218.07,106.05,28.29,31.5,8.33,47.95,6.78,218.07,106.05,28.29,50.7,50.7
3,0,0.29,0,0.0,0.0,0.0,0.22,0.12,0.07,0.0,0.14,0.15,0.24,0.29,0.29,0.26,0.41,0.61,0.17,0.59,0.1,0.04,0.05,0.26,0.3,0.14,0.18,0.19,0.26,0.18,0.0,0.0,0.41,0.47,0.12,0.09,0.0,0.28,0.42,0.67,0.33,0.6,0.4,0.75,0.25,0.7,0.3,MIA,1.0,2.0,20.14,731.01,235.02,30.67,71.86,102.53,54.55,34.16,17.05,46.92,62.54,216.54,90.77,52.72,41.23,38.45,255.19,112.46,58.96,36.38,51.19,0.13,8.33,1.91,0.57,1.18,1.7,1.0,1.89,0.35,8.31,3.46,1.2,1.71,0.4,0.76,27.05,18.75,55.83,0.28,0.59,50.73,0.14,9.43,57.99,0.35,199.08,82.31,46.59,36.06,659.22,28.26,213.65,86.25,32.38,40.16,12.97,54.33,10.16,228.6,94.2,34.48,46.94,43.86
2,1,0.71,0,0.0,0.0,0.0,0.26,0.12,0.35,0.3,0.64,0.61,0.08,0.19,0.15,0.36,0.68,0.27,0.39,0.0,0.28,0.21,0.09,0.51,0.53,0.36,0.37,0.18,0.29,0.2,0.28,0.7,0.52,0.61,0.44,0.32,0.0,0.04,0.29,0.46,0.54,0.47,0.53,0.5,0.5,0.17,0.83,MIN,2.37,2.35,18.08,695.13,263.59,27.2,66.1,93.3,53.67,26.48,6.6,52.23,69.17,216.44,91.2,70.71,55.31,71.04,263.59,93.3,53.67,26.48,52.23,0.13,8.75,1.83,0.22,0.9,1.79,1.0,1.88,0.25,11.58,2.97,1.0,1.9,0.41,0.75,30.57,20.34,74.24,0.3,0.61,59.25,0.25,7.85,64.77,1.22,298.69,125.59,90.13,73.66,771.28,28.52,367.22,93.29,31.47,112.04,42.38,59.25,7.85,367.22,93.29,31.47,59.5,59.5
3,1,0.71,0,0.0,0.0,0.0,0.05,0.09,0.68,0.62,0.52,0.58,0.31,0.4,0.4,0.16,0.69,0.12,0.43,0.42,0.19,0.2,0.28,0.47,0.37,0.31,0.35,0.34,0.32,0.28,0.42,0.75,0.41,0.31,0.41,0.3,0.0,0.12,0.31,0.34,0.66,0.34,0.66,0.42,0.58,0.41,0.59,MIN,2.37,2.35,15.0,597.28,230.67,25.65,62.93,88.59,38.57,18.88,7.85,45.65,56.82,187.51,71.36,81.4,66.22,66.06,230.67,88.59,38.57,18.88,45.65,0.0,8.81,1.59,0.31,0.77,1.78,0.0,1.6,0.28,9.65,3.31,0.85,1.9,0.37,0.79,23.23,13.78,56.75,0.38,0.59,35.48,0.0,7.56,60.95,0.79,211.77,80.14,89.59,73.07,594.67,26.06,257.56,87.01,19.44,74.29,24.22,35.48,7.56,257.56,87.01,19.44,47.38,47.38
4,1,1.0,1,0.5,0.0,0.0,0.17,0.05,0.15,0.26,0.47,0.49,0.32,0.29,0.32,0.26,0.46,0.21,0.53,0.26,0.14,0.19,0.14,0.39,0.35,0.25,0.17,0.2,0.12,0.08,0.36,0.33,0.51,0.29,0.34,0.25,0.0,0.12,0.41,0.26,0.74,0.4,0.6,0.17,0.83,0.23,0.77,MIN,2.37,2.35,14.73,576.15,195.99,20.36,52.34,72.7,45.15,19.84,7.85,46.66,55.33,176.31,68.29,56.56,39.54,59.92,195.99,72.7,45.15,19.84,46.66,0.0,7.52,1.95,0.29,0.81,2.09,0.0,1.8,0.25,9.49,3.37,1.04,1.84,0.4,0.65,28.07,19.44,63.25,0.37,0.63,53.02,0.0,6.81,64.2,0.71,251.54,103.03,75.09,50.85,733.8,30.04,281.75,94.24,30.54,73.93,24.84,53.05,6.85,281.94,94.59,30.62,52.46,52.35
5,1,0.43,1,0.5,0.0,0.0,0.47,0.32,0.35,0.38,0.53,0.53,0.57,0.46,0.55,0.65,0.51,0.3,0.66,0.25,0.42,0.5,0.43,0.4,0.39,0.25,0.29,0.39,0.22,0.22,0.47,0.53,0.49,0.31,0.41,0.47,1.0,0.72,0.31,0.54,0.46,0.62,0.38,0.47,0.53,0.6,0.4,MIN,1.0,2.0,19.27,714.85,277.43,31.15,72.27,103.42,68.6,25.58,9.37,56.77,66.43,234.05,98.01,71.32,55.35,74.07,299.34,111.46,75.26,28.32,62.36,0.0,9.32,2.32,0.33,0.89,1.99,0.0,2.75,0.39,9.33,3.7,1.02,2.3,0.39,0.76,32.02,24.81,83.77,0.36,0.63,82.81,0.0,11.89,79.74,1.24,237.67,97.84,70.56,55.32,822.01,32.46,283.37,112.2,30.45,92.42,32.36,90.7,12.53,303.92,119.35,33.13,74.36,68.1
6,1,0.29,0,0.0,0.0,0.0,0.25,0.22,0.36,0.41,0.52,0.56,0.43,0.48,0.51,0.46,0.59,0.38,0.9,0.5,0.26,0.33,0.33,0.45,0.46,0.0,0.03,0.32,0.39,0.32,0.41,0.57,0.91,0.43,0.46,0.32,1.0,0.72,0.34,0.54,0.46,0.62,0.38,0.47,0.53,0.55,0.45,MIN,0.0,2.0,16.74,619.25,218.64,26.64,61.71,88.35,51.26,21.97,13.58,53.26,60.0,186.31,74.37,66.31,49.68,58.04,227.9,92.22,53.65,23.0,56.93,0.1,8.2,1.81,0.46,0.79,1.93,1.0,1.58,0.47,6.93,2.86,0.6,1.52,0.37,0.68,24.67,9.23,47.01,0.37,0.5,35.99,0.0,12.94,46.48,0.16,139.32,54.77,49.32,34.21,484.45,23.9,155.57,70.37,14.06,35.56,11.82,38.6,13.55,168.39,75.22,14.91,39.44,36.72
7,1,0.71,0,0.0,0.0,0.0,0.32,0.28,0.31,0.32,0.5,0.48,0.32,0.45,0.45,0.48,0.48,0.38,0.56,0.42,0.29,0.46,0.38,0.3,0.3,0.19,0.14,0.43,0.38,0.35,0.5,0.53,0.52,0.38,0.54,0.4,1.0,0.72,0.28,0.39,0.61,0.62,0.38,0.16,0.84,0.38,0.62,MIN,2.37,2.35,17.77,594.02,201.42,22.76,59.66,82.42,48.56,21.97,11.08,47.23,53.21,176.13,70.77,57.61,43.49,46.36,201.42,82.42,48.56,21.97,47.23,0.0,7.48,1.86,0.39,0.83,1.72,0.0,1.81,0.54,7.54,3.48,0.86,1.85,0.4,0.67,24.66,17.49,59.82,0.44,0.55,43.9,0.0,15.77,65.38,0.47,174.91,73.2,60.3,44.25,558.88,27.94,200.48,93.31,20.31,26.61,9.84,43.9,15.77,200.48,93.31,20.31,49.53,49.53
8,1,0.86,0,0.0,0.0,0.0,0.62,0.63,0.45,0.51,0.39,0.36,0.47,0.68,0.68,0.34,0.57,0.03,0.53,0.33,0.52,0.79,0.7,0.6,0.56,0.44,0.51,0.59,0.7,0.64,0.8,0.4,0.74,0.18,0.39,0.76,1.0,0.68,0.26,0.23,0.77,0.44,0.56,0.08,0.92,0.25,0.75,MIN,2.37,2.35,19.51,722.69,300.26,27.78,80.4,108.18,54.97,19.53,11.46,54.0,64.85,257.01,111.68,76.72,58.17,51.32,300.26,108.18,54.97,19.53,54.0,0.17,9.05,1.68,0.35,0.6,1.64,1.0,2.01,0.31,10.16,3.28,0.63,1.81,0.42,0.74,32.02,23.3,63.41,0.35,0.6,65.68,0.2,9.49,81.51,0.0,286.84,125.13,82.75,65.28,797.68,26.45,339.26,107.96,20.69,63.61,23.72,65.71,9.53,339.26,108.0,20.69,60.15,60.15
9,1,0.71,0,0.0,0.0,0.0,0.67,0.83,0.59,0.5,0.46,0.49,0.74,0.63,0.75,0.7,0.75,0.27,0.67,0.21,0.61,0.75,0.57,0.78,0.7,0.35,0.33,0.29,0.62,0.47,0.6,0.45,0.55,0.54,0.56,0.78,1.0,0.76,0.31,0.23,0.77,0.38,0.62,0.16,0.84,0.33,0.67,MIN,2.37,2.35,19.52,682.93,291.13,34.5,77.4,111.9,60.73,24.34,9.92,50.47,62.77,255.31,107.77,72.9,58.77,48.51,291.13,111.9,60.73,24.34,50.47,0.0,9.49,2.1,0.33,0.8,1.69,0.0,2.23,0.39,9.91,3.55,0.82,1.88,0.39,0.77,28.92,21.75,59.01,0.32,0.58,63.82,0.0,12.09,75.34,0.73,253.79,107.63,74.24,60.42,692.91,29.14,291.16,104.48,23.03,42.09,15.49,64.65,12.28,303.54,107.28,24.02,56.17,55.15
10,1,0.86,0,0.0,0.0,0.0,0.71,0.76,0.95,0.96,0.32,0.35,0.53,0.65,0.68,0.57,0.86,0.66,0.28,0.44,0.71,0.72,0.6,0.78,0.75,0.35,0.38,0.47,0.78,0.66,0.67,0.88,0.34,0.73,0.51,0.75,1.0,0.8,0.3,0.47,0.53,0.5,0.5,0.47,0.53,0.37,0.63,MIN,2.37,2.35,17.17,661.73,278.2,30.81,72.6,103.42,54.47,30.78,11.97,41.54,66.07,228.37,98.99,86.05,66.5,43.25,278.2,103.42,54.47,30.78,41.54,0.12,9.1,1.81,0.37,1.0,1.41,1.0,1.97,0.48,11.08,4.26,1.02,1.69,0.43,0.78,26.77,16.66,66.92,0.3,0.62,57.59,0.14,14.17,78.29,0.96,246.14,108.37,90.94,72.21,681.71,35.63,304.11,113.93,30.47,45.3,15.15,57.59,14.17,304.11,113.93,30.47,44.7,44.7
11,1,0.57,0,,,,0.63,0.69,0.77,0.72,0.81,0.82,0.4,0.57,0.57,0.41,0.69,0.61,0.46,0.42,0.68,0.88,0.64,0.61,0.55,0.52,0.44,0.28,0.74,0.56,0.68,0.65,0.35,0.59,0.51,0.84,1.0,0.76,0.35,0.39,0.61,0.5,0.5,0.31,0.69,0.31,0.69,MIN,2.37,2.35,17.28,625.16,259.37,27.6,69.13,96.74,48.43,28.98,11.01,43.73,59.14,209.47,89.47,73.16,57.2,65.41,259.37,96.74,48.43,28.98,43.73,0.0,10.21,1.67,0.42,1.12,1.59,0.0,2.52,0.41,13.08,5.28,1.42,2.15,0.46,0.8,28.55,25.65,75.56,0.42,0.7,74.0,0.0,10.59,104.72,0.51,269.58,119.38,88.53,71.79,793.7,41.6,328.41,146.31,35.86,54.49,17.86,78.15,11.32,341.62,153.87,37.88,61.48,57.25
2,0,0.0,1,1.0,0.5,0.0,0.3,0.1,0.29,0.24,0.33,0.32,0.22,0.29,0.28,0.3,0.46,0.32,0.29,0.26,0.24,0.18,0.16,0.3,0.3,0.12,0.24,0.3,0.21,0.18,0.25,0.45,0.17,0.34,0.17,0.2,0.0,0.04,0.86,0.67,0.33,0.73,0.27,0.58,0.42,0.7,0.3,NYL,4.0,3.0,19.78,764.47,256.28,33.69,77.61,111.3,61.86,31.11,11.0,54.15,68.41,213.2,94.49,67.22,51.06,47.32,310.18,135.14,76.88,39.78,66.23,0.14,10.23,2.47,0.44,1.28,2.18,1.0,3.08,0.45,10.28,4.54,1.32,2.39,0.43,0.78,29.91,21.42,73.12,0.4,0.7,76.71,0.13,11.2,81.12,0.82,217.78,95.75,70.63,53.34,835.93,34.75,262.99,115.87,32.11,53.07,18.15,90.74,13.68,313.28,138.14,40.21,72.07,60.78
3,0,0.14,1,1.0,1.0,0.5,0.39,0.12,0.01,0.08,0.44,0.36,0.06,0.31,0.24,0.56,0.45,0.42,0.13,0.12,0.26,0.19,0.09,0.37,0.4,0.21,0.18,0.21,0.3,0.21,0.14,0.26,0.17,0.41,0.04,0.24,0.0,0.0,0.96,0.71,0.29,0.8,0.2,0.58,0.42,0.64,0.35,NYL,3.0,3.0,20.24,721.99,249.18,29.84,75.65,105.49,64.24,30.17,8.46,45.64,66.38,210.4,96.45,56.7,38.03,47.38,290.52,126.26,75.08,35.74,54.16,0.09,9.56,2.39,0.38,1.14,1.8,1.0,2.62,0.39,10.46,4.5,1.27,1.94,0.45,0.73,29.77,22.5,73.56,0.41,0.65,70.94,0.09,8.99,82.17,0.61,233.81,106.57,63.25,43.08,795.75,33.0,276.16,115.17,33.94,51.91,19.93,82.51,11.46,320.49,137.48,39.99,59.8,50.6
4,0,0.0,0,0.0,0.0,0.0,0.26,0.0,0.2,0.24,0.38,0.33,0.09,0.18,0.15,0.36,0.52,0.4,0.22,0.24,0.2,0.06,0.06,0.43,0.41,0.29,0.27,0.25,0.22,0.17,0.07,0.25,0.21,0.34,0.13,0.18,0.0,0.08,0.88,0.59,0.41,0.6,0.4,0.58,0.42,0.53,0.47,NYL,4.0,4.0,23.68,854.26,286.97,33.77,77.82,111.58,67.67,34.41,12.41,55.46,79.63,236.71,106.19,76.54,54.52,54.79,365.19,139.84,85.74,40.31,65.7,0.0,11.56,2.72,0.45,1.28,2.1,0.0,2.84,0.63,12.64,4.86,1.31,2.19,0.44,0.74,30.81,26.58,82.25,0.45,0.73,71.9,0.0,18.5,89.91,0.96,265.87,118.82,80.63,59.65,917.89,35.5,320.85,125.41,35.67,63.65,23.57,89.86,20.18,399.57,153.77,41.39,69.16,58.71
5,0,0.71,1,1.0,0.5,0.0,0.37,0.25,0.24,0.16,0.54,0.49,0.14,0.38,0.32,0.47,0.36,0.4,0.27,0.42,0.32,0.36,0.31,0.36,0.28,0.32,0.34,0.33,0.45,0.37,0.4,0.32,0.48,0.35,0.18,0.38,1.0,0.72,0.77,0.47,0.53,0.62,0.38,0.31,0.69,0.44,0.56,NYL,2.37,2.35,21.1,771.46,262.54,31.66,78.39,110.05,57.46,30.16,14.65,50.87,66.72,224.37,97.23,61.66,47.23,56.82,262.54,110.05,57.46,30.16,50.87,0.0,9.06,1.87,0.45,0.98,1.72,0.0,1.68,0.52,10.42,3.84,0.96,1.83,0.45,0.82,27.94,19.87,65.38,0.37,0.66,49.3,0.0,16.05,81.78,0.46,241.15,108.24,68.5,54.62,780.14,35.02,294.28,116.8,28.59,62.9,23.17,49.3,16.05,294.28,116.8,28.59,51.39,51.39
6,0,0.14,1,0.5,0.0,0.0,0.36,0.26,0.19,0.15,0.7,0.69,0.1,0.52,0.41,0.51,0.36,0.12,0.43,0.4,0.32,0.47,0.46,0.29,0.28,0.2,0.23,0.58,0.43,0.44,0.44,0.21,0.61,0.15,0.39,0.41,1.0,0.8,0.55,0.54,0.46,0.62,0.38,0.47,0.53,0.5,0.5,NYL,2.0,3.0,19.28,701.44,239.92,23.86,75.89,99.75,59.1,22.48,12.4,50.22,58.25,202.0,86.69,53.46,41.83,68.44,273.09,113.18,67.17,26.5,56.86,0.0,9.55,2.26,0.53,0.93,2.01,0.0,2.37,0.5,9.57,3.81,0.93,1.99,0.42,0.79,27.54,18.75,57.99,0.34,0.61,64.3,0.0,12.53,77.33,0.27,208.19,90.08,50.91,42.63,722.64,21.39,250.47,98.71,23.86,76.31,27.67,72.92,14.59,285.32,112.69,27.75,59.05,52.09
7,0,0.29,0,0.0,0.0,0.0,0.38,0.16,0.35,0.2,0.66,0.67,0.0,0.5,0.35,0.37,0.44,0.14,0.24,0.32,0.37,0.45,0.37,0.32,0.34,0.17,0.19,0.44,0.31,0.3,0.29,0.22,0.52,0.08,0.11,0.4,1.0,0.84,0.57,0.54,0.46,0.56,0.44,0.55,0.45,0.44,0.56,NYL,0.0,2.0,21.09,755.04,262.25,25.67,81.21,106.88,57.3,23.54,11.93,48.74,63.58,207.2,93.01,62.94,51.97,69.72,272.76,111.51,59.59,24.14,51.25,0.0,8.65,1.85,0.4,0.75,1.64,0.0,1.58,0.27,6.98,2.3,0.81,1.66,0.42,0.74,28.08,11.91,53.6,0.27,0.48,50.82,0.0,7.79,50.22,0.17,169.41,71.3,56.81,48.45,601.16,17.75,213.8,67.97,24.73,67.32,22.76,52.3,8.41,224.72,72.26,24.95,51.74,48.62
8,0,0.57,1,0.5,0.0,0.0,0.36,0.44,0.53,0.44,0.7,0.74,0.2,0.5,0.44,0.29,0.63,0.35,0.73,0.32,0.41,0.7,0.53,0.62,0.57,0.4,0.33,0.42,0.7,0.58,0.41,0.54,0.49,0.37,0.47,0.7,1.0,0.76,0.48,0.27,0.73,0.38,0.62,0.23,0.77,0.31,0.69,NYL,2.37,2.35,18.73,681.03,234.89,27.17,74.3,101.48,47.95,23.59,11.95,51.47,65.98,201.12,80.89,64.29,51.3,64.6,234.89,101.48,47.95,23.59,51.47,0.0,8.07,1.65,0.41,0.79,1.76,0.0,1.72,0.4,7.54,3.57,0.85,1.81,0.39,0.76,30.6,18.53,71.57,0.33,0.57,53.4,0.0,13.22,83.6,0.5,206.17,81.48,69.29,53.77,729.96,31.05,238.97,114.65,26.31,65.89,22.23,53.4,13.22,238.97,114.65,26.31,56.15,56.15
9,0,0.43,1,1.0,0.5,0.0,0.46,0.47,0.29,0.27,0.82,0.75,0.21,0.64,0.54,0.38,0.46,0.55,0.89,0.3,0.44,0.6,0.6,0.4,0.36,0.5,0.61,0.62,0.71,0.66,0.41,0.29,0.83,0.66,0.33,0.57,1.0,0.72,0.45,0.47,0.53,0.56,0.44,0.39,0.61,0.5,0.5,NYL,1.0,2.0,20.57,759.56,262.02,28.98,82.76,111.74,61.24,32.61,10.27,61.91,63.95,226.25,93.85,59.5,44.23,80.2,286.12,123.65,66.9,35.25,65.76,0.09,8.93,2.06,0.33,1.09,2.06,1.0,2.25,0.36,9.48,4.07,1.16,2.19,0.4,0.74,30.76,22.07,67.83,0.3,0.63,65.7,0.1,11.02,88.01,0.26,241.09,100.07,63.55,47.26,808.3,30.66,279.7,118.66,34.85,86.49,32.29,71.79,11.88,305.41,131.49,37.69,70.0,65.93
10,0,0.29,0,0.0,0.0,0.0,0.55,0.57,0.47,0.45,0.89,0.84,0.41,0.61,0.6,0.55,0.57,0.55,0.61,0.35,0.56,0.6,0.54,0.52,0.47,0.41,0.38,0.48,0.68,0.58,0.36,0.36,0.59,0.65,0.28,0.6,1.0,0.8,0.48,0.58,0.42,0.62,0.38,0.55,0.45,0.56,0.44,NYL,3.0,3.0,18.43,644.55,245.8,30.44,74.08,104.52,51.83,27.46,11.59,47.77,60.86,207.01,87.07,60.57,46.08,69.62,285.04,122.86,59.9,30.89,55.98,0.0,9.34,1.96,0.45,1.01,1.88,0.0,2.15,0.47,10.13,4.48,1.09,1.99,0.42,0.74,31.1,20.72,67.18,0.33,0.57,57.38,0.0,12.6,81.42,0.56,229.3,96.64,67.12,50.85,708.08,35.55,271.53,116.97,29.94,74.88,27.4,66.3,14.85,315.0,138.05,33.63,60.87,52.04
11,0,0.86,1,,,,0.53,0.57,0.37,0.27,0.87,0.85,0.18,0.67,0.56,0.46,0.52,0.48,0.59,0.38,0.52,0.56,0.53,0.56,0.47,0.5,0.54,0.37,0.8,0.64,0.32,0.22,0.48,0.61,0.39,0.6,1.0,0.8,0.54,0.35,0.65,0.44,0.56,0.31,0.69,0.38,0.62,NYL,2.37,2.35,21.26,743.34,280.6,28.56,86.25,114.81,57.36,30.58,14.23,55.56,66.44,239.1,98.78,65.43,52.81,84.01,280.6,114.81,57.36,30.58,55.56,0.0,8.53,1.73,0.44,0.93,1.69,0.0,2.33,0.33,12.16,4.0,0.91,1.82,0.42,0.82,32.21,19.35,67.78,0.39,0.55,69.28,0.0,8.73,84.07,0.16,303.38,132.59,74.45,63.87,731.91,35.1,360.52,119.17,26.31,89.33,31.48,77.89,9.52,406.05,131.06,29.37,60.26,55.69
2,1,0.43,0,0.0,0.0,0.0,0.32,0.08,0.54,0.46,0.28,0.32,0.16,0.21,0.2,0.26,0.5,0.53,0.09,0.18,0.32,0.25,0.17,0.26,0.27,0.22,0.23,0.38,0.18,0.19,0.33,0.67,0.18,0.54,0.15,0.25,0.0,0.04,0.51,0.67,0.33,0.67,0.33,0.67,0.33,0.53,0.47,PHO,0.0,2.0,17.36,631.71,235.67,26.47,60.14,86.61,45.47,29.02,9.4,40.98,56.65,187.72,85.02,65.72,52.69,40.28,250.96,91.34,48.96,30.1,43.26,0.0,8.57,1.83,0.37,1.13,1.63,0.0,1.89,0.41,8.31,3.28,1.15,1.72,0.41,0.78,25.18,13.94,51.13,0.42,0.55,43.94,0.0,10.11,59.37,0.28,180.72,82.78,58.5,47.23,586.04,25.63,223.33,85.0,28.2,32.79,10.55,48.39,11.09,238.89,90.11,29.21,43.52,40.48
3,1,0.57,0,0.0,0.0,0.0,0.25,0.21,0.29,0.29,0.18,0.18,0.28,0.27,0.29,0.42,0.48,0.56,0.48,0.49,0.18,0.28,0.24,0.37,0.29,0.23,0.17,0.37,0.35,0.31,0.46,0.27,0.57,0.49,0.42,0.31,0.0,0.08,0.39,0.38,0.62,0.6,0.4,0.17,0.83,0.35,0.65,PHO,2.37,2.35,13.66,495.4,165.24,22.81,49.28,72.09,37.98,22.06,10.57,37.88,46.1,148.71,62.48,43.68,32.56,23.53,165.24,72.09,37.98,22.06,37.88,0.0,6.32,1.69,0.37,0.85,1.55,0.0,1.36,0.2,5.54,2.68,0.71,1.47,0.36,0.72,23.39,12.07,42.18,0.29,0.46,34.52,0.0,5.55,47.44,0.13,136.11,53.36,40.8,30.15,472.37,19.08,144.13,66.52,18.69,23.03,7.26,34.59,5.55,144.4,66.85,18.76,37.94,37.81
4,1,0.86,0,0.0,0.0,0.0,0.3,0.2,0.22,0.17,0.17,0.21,0.24,0.23,0.24,0.13,0.47,0.43,0.41,0.2,0.2,0.43,0.21,0.3,0.34,0.32,0.16,0.24,0.33,0.25,0.49,0.26,0.47,0.39,0.42,0.41,0.0,0.0,0.41,0.3,0.7,0.6,0.4,0.0,1.0,0.29,0.71,PHO,2.37,2.35,15.88,565.77,190.47,25.66,56.17,81.83,37.38,23.67,8.32,41.75,52.28,170.69,72.37,47.25,35.99,30.44,190.47,81.83,37.38,23.67,41.75,0.11,6.83,1.3,0.33,0.82,1.52,1.0,1.3,0.22,5.01,2.82,0.93,1.42,0.4,0.72,27.89,12.14,53.62,0.31,0.46,37.95,0.0,6.47,54.99,0.06,136.08,57.31,34.56,24.69,540.68,27.29,146.67,82.28,27.03,23.39,7.35,38.01,6.47,147.15,82.79,27.06,40.89,40.71
5,1,0.86,0,0.0,0.0,0.0,0.32,0.48,0.14,0.21,0.24,0.24,0.55,0.27,0.4,0.24,0.6,0.66,0.31,0.31,0.21,0.4,0.21,0.38,0.37,0.22,0.12,0.2,0.65,0.47,0.41,0.54,0.52,0.85,0.56,0.39,1.0,0.84,0.43,0.16,0.84,0.31,0.69,0.08,0.92,0.14,0.86,PHO,2.37,2.35,14.98,540.36,169.59,27.4,51.95,79.35,36.28,24.88,8.04,35.19,49.16,168.45,65.34,41.8,28.44,29.0,169.59,79.35,36.28,24.88,35.19,0.0,5.79,1.25,0.32,0.85,1.31,0.0,1.19,0.44,8.45,4.19,1.0,1.57,0.4,0.71,30.15,22.94,71.97,0.36,0.62,37.68,0.0,12.64,83.48,1.08,241.28,98.67,70.8,48.93,775.02,45.99,260.89,129.47,31.31,42.49,14.62,38.06,12.77,266.48,131.09,32.06,48.2,47.45
6,1,0.57,0,0.0,0.0,0.0,0.37,0.24,0.37,0.31,0.59,0.53,0.1,0.29,0.24,0.38,0.85,0.51,0.24,0.48,0.36,0.28,0.19,0.57,0.57,0.21,0.07,0.24,0.38,0.28,0.23,0.51,0.19,0.56,0.49,0.36,1.0,0.68,0.39,0.5,0.5,0.56,0.44,0.47,0.53,0.5,0.5,PHO,2.37,2.35,19.96,707.72,267.45,25.58,70.09,95.68,56.12,29.33,13.13,48.09,71.46,221.24,95.43,66.71,51.67,67.3,267.45,95.68,56.12,29.33,48.09,0.14,8.46,1.74,0.43,0.95,1.54,1.0,1.89,0.52,9.6,3.93,1.05,1.74,0.43,0.75,30.12,23.82,77.2,0.41,0.63,60.65,0.13,15.98,84.04,1.59,251.64,109.39,80.78,62.23,797.2,36.95,304.7,120.99,33.03,64.11,23.69,61.27,16.7,310.06,124.55,33.83,55.47,54.13
7,1,0.57,0,0.0,0.0,0.0,0.37,0.34,0.59,0.54,0.52,0.56,0.48,0.46,0.52,0.54,0.7,0.3,0.48,0.76,0.4,0.44,0.35,0.54,0.57,0.15,0.04,0.29,0.36,0.29,0.28,0.56,0.45,0.36,0.3,0.46,1.0,0.64,0.33,0.47,0.53,0.62,0.38,0.31,0.69,0.55,0.45,PHO,2.37,2.35,17.08,605.53,228.11,27.76,64.52,92.28,52.23,22.15,15.52,47.69,58.71,189.93,79.73,65.51,50.98,52.97,228.11,92.28,52.23,22.15,47.69,0.0,8.63,1.9,0.72,0.87,1.83,0.0,2.16,0.39,8.56,3.47,0.85,1.77,0.41,0.71,24.84,19.16,64.22,0.36,0.58,61.72,0.0,11.04,64.7,1.05,194.14,85.39,65.84,52.53,644.05,25.97,244.11,90.67,23.22,62.22,20.8,63.83,11.04,250.11,91.86,24.18,48.93,47.93
8,1,0.57,1,1.0,1.0,1.0,0.9,0.93,0.61,0.52,0.92,0.87,0.44,0.69,0.68,0.85,0.83,0.47,0.15,0.42,0.85,0.84,0.76,0.83,0.84,0.56,0.68,0.79,0.82,0.79,0.64,0.55,0.23,0.57,0.41,0.88,1.0,0.8,0.34,0.54,0.46,0.56,0.44,0.55,0.45,0.37,0.63,PHO,2.37,2.35,18.06,652.23,305.5,30.55,74.96,105.51,62.27,24.68,11.33,40.1,65.52,247.79,110.7,70.29,55.87,74.72,305.5,105.51,62.27,24.68,40.1,0.12,10.76,2.25,0.43,1.0,1.48,1.0,2.25,0.46,11.92,3.83,0.96,1.72,0.43,0.77,29.48,17.77,71.62,0.38,0.62,67.22,0.12,13.23,78.03,0.95,298.4,129.34,82.4,65.16,739.37,31.05,360.35,109.08,28.81,97.29,36.5,67.22,13.23,360.62,109.21,28.84,50.96,50.88
9,1,0.0,0,0.0,0.0,0.0,0.86,0.91,0.84,0.69,1.0,1.0,0.18,0.85,0.69,1.0,0.58,0.53,0.34,0.63,0.9,0.83,0.94,0.66,0.56,1.0,1.0,1.0,1.0,1.0,0.81,0.61,0.31,0.79,0.28,0.9,1.0,0.72,0.37,0.74,0.26,0.69,0.31,0.78,0.22,0.84,0.16,PHO,7.0,2.0,23.08,805.23,375.68,32.23,102.72,134.95,83.69,32.89,19.6,57.2,75.7,297.24,132.14,94.0,77.72,94.29,488.37,175.94,106.68,41.88,70.24,0.14,14.99,3.3,0.76,1.3,2.22,1.0,3.49,0.74,15.03,5.13,1.24,2.19,0.43,0.82,31.23,24.4,73.44,0.39,0.64,89.28,0.18,19.6,100.53,0.55,305.45,132.17,85.16,68.93,830.64,28.08,369.2,128.61,31.76,101.57,35.93,112.77,24.25,485.43,167.14,40.28,70.74,58.36
10,1,0.71,1,1.0,1.0,1.0,0.88,1.0,0.92,0.74,0.76,0.83,0.63,0.8,0.84,0.58,0.99,0.24,0.35,0.61,0.89,0.86,0.86,1.0,1.0,0.76,0.85,0.97,0.77,0.82,0.88,0.75,0.25,0.42,0.43,0.98,1.0,0.68,0.43,0.47,0.53,0.56,0.44,0.39,0.61,0.37,0.63,PHO,2.37,2.35,18.79,665.28,323.3,34.03,83.15,117.18,59.58,22.92,14.36,48.02,73.49,262.37,113.67,84.04,70.51,75.54,323.3,117.18,59.58,22.92,48.02,0.0,10.42,1.91,0.53,0.77,1.6,0.0,2.4,0.58,13.47,4.7,1.04,1.89,0.44,0.81,29.37,23.06,84.59,0.46,0.61,68.16,0.0,16.52,93.9,1.34,310.72,138.11,111.22,94.32,743.37,38.52,400.51,132.41,29.52,89.07,29.98,74.15,17.9,426.73,142.69,32.05,58.05,53.83
11,1,0.0,1,,,,1.0,0.96,0.92,0.68,0.88,0.77,0.2,0.94,0.77,0.8,0.83,0.2,0.4,0.77,1.0,1.0,1.0,0.85,0.83,0.57,0.66,0.86,0.79,0.8,0.74,0.55,0.42,0.27,0.53,1.0,1.0,0.8,0.43,0.74,0.26,0.69,0.31,0.78,0.22,0.68,0.32,PHO,7.0,4.0,19.98,715.72,348.74,27.41,95.38,122.79,70.62,23.81,19.57,50.96,74.16,270.08,124.48,81.86,70.55,74.67,465.2,161.4,91.9,30.89,64.39,0.23,15.39,3.04,0.78,1.02,2.17,2.0,2.89,0.76,14.84,5.52,1.01,2.35,0.45,0.81,30.73,18.25,67.8,0.4,0.6,67.47,0.28,20.51,110.72,0.31,280.9,125.35,98.51,79.75,755.65,36.21,355.54,146.93,26.41,64.12,25.09,84.8,24.31,439.54,171.63,30.07,70.95,60.27
2,1,0.86,0,0.0,0.0,0.0,0.24,0.12,0.46,0.55,0.38,0.38,0.32,0.23,0.28,0.31,0.89,0.42,0.81,0.2,0.25,0.29,0.19,0.68,0.66,0.29,0.3,0.22,0.21,0.16,0.33,0.8,0.53,0.54,0.44,0.41,0.0,0.2,0.37,0.26,0.74,0.34,0.66,0.25,0.75,0.11,0.89,POR,2.37,2.35,20.22,707.81,239.56,32.15,67.93,100.08,51.35,28.42,9.7,58.8,75.72,203.07,83.77,75.04,55.0,50.22,239.56,100.08,51.35,28.42,58.8,0.0,7.75,1.63,0.32,0.91,1.93,0.0,1.83,0.38,8.71,3.77,0.99,1.99,0.42,0.73,29.84,23.61,79.07,0.32,0.64,55.68,0.0,11.63,79.21,1.12,220.32,92.36,82.75,61.68,779.72,35.9,263.24,115.11,29.83,51.14,16.84,55.68,11.63,263.24,115.11,29.83,60.28,60.28
3,1,0.86,0,0.0,0.0,0.0,0.18,0.2,0.35,0.35,0.5,0.53,0.28,0.4,0.39,0.21,0.5,0.31,0.4,0.28,0.2,0.3,0.3,0.37,0.43,0.34,0.21,0.43,0.52,0.45,0.38,0.44,0.64,0.32,0.54,0.33,0.0,0.2,0.4,0.3,0.7,0.34,0.66,0.34,0.66,0.17,0.83,POR,2.37,2.35,19.8,677.71,224.74,29.26,72.94,102.21,46.65,23.99,11.11,47.97,60.78,200.18,77.42,66.63,50.75,55.85,224.74,102.21,46.65,23.99,47.97,0.14,7.34,1.52,0.37,0.79,1.59,1.0,2.03,0.38,7.26,3.6,0.88,1.58,0.4,0.69,29.09,20.49,59.0,0.35,0.57,57.71,0.15,10.91,79.06,0.4,182.12,74.59,63.56,47.68,703.92,29.03,215.82,108.09,26.45,48.17,18.97,63.18,11.44,223.56,110.09,26.98,47.95,47.15
2,1,0.29,1,1.0,0.5,0.0,0.48,0.34,0.35,0.44,0.36,0.42,0.69,0.29,0.47,0.6,0.32,0.78,0.22,0.61,0.39,0.34,0.27,0.23,0.2,0.26,0.23,0.3,0.17,0.15,0.39,0.26,0.19,0.52,0.33,0.31,0.0,0.0,0.34,0.71,0.29,0.8,0.2,0.58,0.42,0.64,0.35,SAC,0.0,2.0,21.62,744.57,280.84,46.71,77.42,124.13,70.19,40.58,20.09,52.4,66.34,237.03,105.24,78.85,54.54,50.79,298.42,132.36,74.4,42.58,55.11,0.0,9.77,2.46,0.66,1.39,1.82,0.0,2.55,0.75,11.14,4.29,1.35,2.07,0.43,0.72,28.31,24.39,68.05,0.38,0.67,69.32,0.0,22.87,78.05,0.7,253.2,113.51,84.53,59.51,766.13,44.07,301.46,122.11,37.49,49.06,14.93,73.02,23.11,317.17,129.19,39.2,58.79,56.5
3,1,0.14,0,0.0,0.0,0.0,0.4,0.31,0.37,0.36,0.46,0.36,0.63,0.47,0.59,0.57,0.37,0.48,0.38,0.62,0.35,0.33,0.36,0.24,0.28,0.12,0.19,0.43,0.25,0.26,0.36,0.32,0.43,0.35,0.53,0.28,0.0,0.2,0.38,0.67,0.33,0.73,0.27,0.58,0.42,0.64,0.35,SAC,3.0,2.0,20.04,724.79,258.15,44.06,84.1,128.16,64.69,32.8,17.81,53.35,64.34,218.1,93.92,72.31,52.99,45.14,303.07,146.41,74.54,37.04,59.41,0.0,9.97,2.72,0.68,1.25,2.02,0.0,2.7,0.66,9.8,4.79,1.22,2.01,0.41,0.73,29.13,19.79,64.5,0.36,0.61,64.49,0.0,17.7,83.45,0.58,216.05,92.98,71.83,52.52,723.82,43.7,255.57,127.15,32.35,44.47,17.09,74.32,20.27,300.06,145.28,36.53,59.42,53.35
4,1,0.71,1,1.0,0.5,0.0,0.28,0.28,0.48,0.45,0.23,0.32,0.28,0.28,0.3,0.38,0.63,0.32,0.21,0.3,0.26,0.35,0.3,0.52,0.49,0.29,0.31,0.48,0.41,0.39,0.35,0.4,0.24,0.41,0.42,0.41,0.0,0.28,0.43,0.42,0.58,0.6,0.4,0.25,0.75,0.35,0.65,SAC,2.37,2.35,17.83,678.32,233.97,30.49,68.44,98.93,55.42,26.76,11.44,45.77,65.8,203.52,83.37,71.45,55.59,41.11,233.97,98.93,55.42,26.76,45.77,0.0,8.91,2.14,0.41,1.05,1.74,0.0,2.2,0.57,10.35,4.6,1.13,1.91,0.43,0.72,26.24,19.64,73.61,0.39,0.7,57.26,0.0,16.22,80.81,0.79,228.67,99.75,83.93,64.31,738.96,37.82,272.55,118.63,28.4,28.37,8.75,57.26,16.22,272.55,118.63,28.4,50.68,50.68
5,1,0.29,1,1.0,0.5,0.0,0.45,0.49,0.28,0.38,0.4,0.45,0.51,0.46,0.53,0.61,0.53,0.59,0.23,0.39,0.36,0.35,0.35,0.3,0.31,0.29,0.34,0.44,0.49,0.43,0.43,0.42,0.18,0.72,0.52,0.34,1.0,0.68,0.49,0.58,0.42,0.69,0.31,0.47,0.53,0.55,0.45,SAC,3.0,3.0,21.29,775.96,266.81,40.8,84.17,124.97,70.33,34.63,14.52,51.73,71.65,239.85,99.35,74.85,51.7,51.63,312.51,148.24,80.31,37.79,60.34,0.1,9.26,2.38,0.5,1.13,1.8,1.0,2.44,0.51,9.5,4.51,1.16,1.84,0.4,0.69,33.15,21.83,73.38,0.38,0.59,72.14,0.11,14.87,86.35,0.92,245.83,101.91,77.11,53.27,795.39,41.79,273.97,128.14,35.64,53.17,16.89,82.43,17.29,321.03,152.12,38.9,61.88,53.03
6,1,0.43,1,1.0,1.0,1.0,0.47,0.45,0.3,0.33,0.3,0.27,0.7,0.25,0.45,0.44,0.53,0.68,0.34,0.36,0.37,0.32,0.22,0.4,0.38,0.35,0.32,0.24,0.29,0.22,0.42,0.45,0.29,0.78,0.34,0.36,1.0,0.8,0.45,0.54,0.46,0.56,0.44,0.55,0.45,0.55,0.45,SAC,3.0,3.0,20.2,721.91,249.35,41.92,68.36,110.28,58.74,34.93,13.23,48.97,64.86,218.79,93.84,67.77,49.0,37.04,294.97,130.36,69.13,42.42,58.32,0.0,8.88,2.1,0.51,1.27,1.76,0.0,2.35,0.51,8.89,4.33,1.4,1.99,0.42,0.71,33.59,19.13,71.71,0.36,0.58,66.96,0.0,14.19,77.61,0.53,212.89,93.86,80.0,56.85,775.55,48.11,258.17,125.71,39.18,38.57,13.6,78.72,17.45,300.09,145.93,47.06,66.91,56.75
7,1,0.0,1,1.0,1.0,0.5,0.43,0.33,0.48,0.61,0.3,0.26,0.6,0.35,0.48,0.47,0.66,0.63,0.4,0.29,0.38,0.2,0.16,0.42,0.43,0.11,0.14,0.03,0.34,0.18,0.25,0.77,0.25,0.9,0.45,0.24,1.0,0.64,0.43,0.82,0.18,0.88,0.12,0.7,0.3,0.84,0.16,SAC,7.0,1.0,19.75,682.44,242.12,36.29,70.42,106.71,53.98,29.57,11.38,46.46,65.09,204.7,87.77,74.52,52.38,38.59,303.6,132.93,68.01,35.05,56.81,0.13,10.12,2.25,0.41,1.13,1.94,1.0,2.49,0.47,11.6,4.93,1.29,2.11,0.42,0.72,30.7,20.47,66.6,0.4,0.61,59.47,0.16,12.88,82.1,0.15,232.38,100.43,86.53,61.3,745.66,40.27,278.75,122.37,33.36,43.96,16.59,75.64,14.61,348.97,152.81,39.9,62.69,51.32
8,1,0.14,1,0.5,0.0,0.0,0.56,0.6,0.62,0.66,0.43,0.43,0.84,0.46,0.67,0.41,0.62,0.77,0.58,0.16,0.54,0.48,0.38,0.48,0.44,0.32,0.43,0.15,0.42,0.28,0.4,0.62,0.31,0.94,0.53,0.5,1.0,0.76,0.45,0.66,0.34,0.81,0.19,0.47,0.53,0.5,0.5,SAC,6.0,3.0,18.12,669.74,241.76,37.46,75.98,113.44,54.22,32.08,8.41,47.56,59.91,210.63,86.19,71.96,52.98,46.78,318.92,145.13,70.44,40.28,58.62,0.28,9.88,2.16,0.33,1.22,1.82,2.0,1.98,0.3,8.92,4.29,1.15,1.65,0.4,0.72,31.4,15.48,57.4,0.39,0.5,50.41,0.23,7.8,76.04,0.16,193.62,77.66,71.14,51.42,640.86,34.77,222.08,110.81,30.68,45.21,15.34,62.9,9.62,282.54,136.46,36.97,51.93,43.54
9,1,0.29,1,0.5,0.0,0.0,0.53,0.64,0.71,0.67,0.41,0.38,1.0,0.47,0.74,0.5,0.53,0.74,0.89,0.25,0.53,0.53,0.45,0.51,0.45,0.48,0.52,0.23,0.4,0.3,0.52,0.63,0.51,1.0,0.52,0.56,1.0,0.88,0.42,0.58,0.42,0.69,0.31,0.47,0.53,0.55,0.45,SAC,1.0,2.0,19.18,670.27,251.02,47.16,75.07,122.22,51.53,30.74,9.85,51.28,59.83,219.05,89.2,73.06,56.6,44.3,274.93,132.74,55.9,33.64,55.65,0.0,9.0,1.79,0.39,1.07,1.95,0.0,1.84,0.41,9.55,4.74,1.14,1.92,0.4,0.79,29.41,19.63,57.91,0.44,0.57,51.88,0.0,10.18,80.15,0.48,233.62,93.15,75.48,60.2,691.1,50.0,264.52,130.15,32.5,51.36,18.01,56.68,11.65,289.4,140.46,35.75,53.21,49.06
10,1,0.43,0,0.0,0.0,0.0,0.49,0.56,0.83,0.84,0.48,0.39,0.69,0.47,0.61,0.28,0.68,0.71,0.78,0.09,0.54,0.68,0.5,0.39,0.36,0.48,0.51,0.23,0.53,0.39,0.65,0.92,0.47,0.9,1.0,0.63,1.0,0.64,0.4,0.54,0.46,0.75,0.25,0.31,0.69,0.44,0.56,SAC,1.0,2.0,18.72,608.93,240.01,35.93,68.97,104.91,44.62,28.12,6.7,45.57,58.19,204.17,83.97,70.35,53.8,45.7,262.19,113.31,50.47,30.2,49.58,0.0,8.46,1.66,0.24,1.03,1.74,0.0,1.76,0.25,9.16,3.67,1.18,1.8,0.43,0.78,29.05,20.05,60.9,0.39,0.53,49.04,0.0,7.34,69.8,0.41,223.59,93.47,67.71,52.0,647.34,33.22,262.35,103.01,33.24,56.63,23.4,54.97,7.84,282.03,110.84,35.38,53.4,49.2
2,1,0.57,1,0.5,0.0,0.0,0.44,0.21,0.82,0.78,0.12,0.1,0.5,0.5,0.55,0.45,0.7,0.14,0.59,0.61,0.44,0.46,0.32,0.56,0.57,0.32,0.3,0.26,0.08,0.07,0.39,0.68,0.69,0.18,0.3,0.5,0.0,0.0,0.23,0.59,0.41,0.73,0.27,0.42,0.58,0.64,0.35,SAS,2.37,2.35,17.73,632.65,253.81,37.76,76.62,114.38,53.45,21.52,14.98,51.9,66.91,196.83,90.86,82.95,64.01,23.06,253.81,114.38,53.45,21.52,51.9,0.0,9.42,2.3,0.51,0.84,1.96,0.0,2.56,0.57,10.59,4.91,0.94,2.18,0.45,0.77,27.33,22.11,80.18,0.48,0.7,61.56,0.0,16.84,94.55,1.22,228.52,105.04,94.9,72.92,745.6,44.74,290.79,139.29,26.23,21.85,7.78,61.56,16.84,290.79,139.29,26.23,60.76,60.76
3,1,0.29,1,1.0,0.0,0.0,0.34,0.15,0.52,0.5,0.07,0.06,0.25,0.6,0.54,0.46,0.47,0.08,0.37,0.61,0.29,0.29,0.33,0.44,0.44,0.17,0.26,0.43,0.17,0.2,0.3,0.45,0.52,0.0,0.57,0.32,0.0,0.12,0.26,0.63,0.37,0.54,0.46,0.75,0.25,0.53,0.47,SAS,0.0,2.0,22.16,823.43,284.49,38.61,102.4,141.02,70.38,25.33,20.44,60.37,77.83,232.18,104.06,86.63,65.88,29.23,301.68,149.57,73.92,26.99,63.79,0.0,9.9,2.4,0.7,0.89,2.1,0.0,2.42,0.73,10.16,5.1,0.93,2.19,0.43,0.77,27.89,22.03,74.92,0.44,0.71,68.02,0.0,20.27,101.38,1.03,226.5,101.46,85.83,64.75,812.21,39.76,277.88,141.14,24.83,28.27,10.21,71.5,22.0,294.78,149.54,26.44,62.72,59.25
4,1,0.29,0,0.0,0.0,0.0,0.41,0.23,0.92,0.91,0.12,0.07,0.5,0.47,0.53,0.3,0.6,0.22,0.5,0.75,0.45,0.44,0.43,0.52,0.5,0.17,0.14,0.53,0.21,0.26,0.34,0.78,0.42,0.21,0.58,0.45,0.0,0.08,0.3,0.67,0.33,0.73,0.27,0.58,0.42,0.59,0.41,SAS,2.0,3.0,22.29,793.86,305.89,42.15,86.86,129.0,63.72,28.25,20.8,63.74,77.66,238.49,107.15,105.44,81.49,28.48,353.23,151.42,75.04,32.25,74.44,0.0,11.89,2.48,0.82,1.09,2.49,0.0,2.75,0.95,12.39,4.73,1.05,2.65,0.42,0.76,27.76,24.08,77.88,0.41,0.7,71.5,0.0,25.09,83.16,0.33,260.18,115.36,104.46,81.38,830.21,36.15,323.43,119.31,27.58,32.93,11.33,83.08,28.38,365.34,137.05,31.29,78.57,67.87
5,1,0.71,0,0.0,0.0,0.0,0.3,0.44,0.61,0.65,0.14,0.18,0.51,0.66,0.68,0.13,0.79,0.0,0.46,0.68,0.3,0.47,0.55,0.59,0.62,0.29,0.37,0.68,0.57,0.58,0.48,0.55,0.52,0.13,0.51,0.51,1.0,0.68,0.59,0.31,0.69,0.5,0.5,0.16,0.84,0.39,0.61,SAS,2.37,2.35,24.17,844.46,283.02,40.32,97.6,137.92,56.29,23.97,20.58,59.61,82.44,254.45,100.1,95.48,71.36,36.59,283.02,137.92,56.29,23.97,59.61,0.0,8.47,1.68,0.61,0.72,1.79,0.0,2.18,0.56,9.86,4.14,0.91,2.03,0.42,0.74,29.52,22.73,67.86,0.41,0.59,68.31,0.0,17.42,89.21,0.52,256.29,106.29,108.04,82.15,756.43,38.15,301.43,127.36,27.44,26.44,6.69,71.73,18.11,313.78,132.3,28.63,64.57,62.07
6,1,0.86,0,0.0,0.0,0.0,0.34,0.27,0.46,0.39,0.08,0.07,0.29,0.42,0.41,0.35,0.49,0.46,0.46,0.28,0.28,0.52,0.36,0.25,0.25,0.4,0.34,0.32,0.38,0.31,0.63,0.36,0.55,0.39,0.43,0.46,1.0,0.76,0.42,0.19,0.81,0.31,0.69,0.16,0.84,0.22,0.79,SAS,2.37,2.35,16.72,601.85,204.43,27.35,61.53,88.89,44.73,23.57,7.92,44.19,52.23,175.36,75.01,59.35,47.11,22.17,204.43,88.89,44.73,23.57,44.19,0.0,7.48,1.59,0.27,0.91,1.6,0.0,1.66,0.18,8.63,3.11,0.93,1.68,0.42,0.63,25.68,21.06,55.16,0.26,0.59,45.06,0.14,4.33,58.22,0.54,187.28,80.86,65.2,52.58,626.55,22.82,225.33,81.04,23.3,30.88,11.02,45.69,4.75,233.9,86.99,23.98,45.69,44.35
7,1,0.86,0,0.0,0.0,0.0,0.24,0.12,0.51,0.44,0.22,0.22,0.07,0.39,0.3,0.15,0.56,0.04,0.56,0.18,0.24,0.54,0.42,0.37,0.34,0.25,0.21,0.47,0.36,0.35,0.59,0.61,0.57,0.15,0.57,0.49,1.0,0.64,0.38,0.12,0.88,0.25,0.75,0.08,0.92,0.04,0.96,SAS,2.37,2.35,18.43,665.32,208.79,21.81,61.22,83.02,50.88,21.6,4.95,50.87,57.47,178.08,72.58,63.55,50.61,38.97,208.79,83.02,50.88,21.6,50.87,0.0,7.03,1.72,0.17,0.74,1.7,0.0,2.14,0.18,7.0,2.33,0.71,1.72,0.4,0.75,27.41,18.54,53.55,0.27,0.57,61.97,0.0,5.11,52.09,0.72,164.63,68.45,57.0,46.58,669.79,16.84,199.64,68.94,19.68,47.83,16.17,63.13,5.11,203.92,69.92,19.85,50.72,50.06
8,1,0.71,1,1.0,0.5,0.0,0.56,0.69,0.51,0.49,0.57,0.59,0.53,0.7,0.72,0.51,0.44,0.32,0.35,0.13,0.52,0.72,0.65,0.45,0.4,0.37,0.32,0.59,0.79,0.7,0.58,0.43,0.38,0.35,0.43,0.66,1.0,0.64,0.34,0.35,0.65,0.31,0.69,0.47,0.53,0.5,0.5,SAS,2.37,2.35,20.76,691.33,257.24,35.57,80.22,115.8,60.22,28.97,6.59,42.59,56.08,229.01,92.61,70.33,55.07,50.58,257.24,115.8,60.22,28.97,42.59,0.0,8.45,1.93,0.23,0.93,1.43,0.0,2.25,0.42,9.85,4.28,1.04,1.91,0.4,0.81,29.66,27.08,67.66,0.32,0.66,66.29,0.0,11.13,91.88,0.24,262.23,105.47,78.09,62.31,798.09,37.17,288.6,129.05,30.82,46.3,15.36,66.9,12.72,293.98,132.96,31.43,55.92,54.08
9,1,0.14,1,1.0,1.0,0.5,0.57,0.58,0.39,0.26,0.66,0.6,0.39,0.58,0.57,0.6,0.56,0.52,0.66,0.44,0.52,0.56,0.51,0.55,0.5,0.28,0.31,0.53,0.55,0.51,0.43,0.34,0.4,0.74,0.49,0.56,1.0,0.76,0.35,0.62,0.38,0.5,0.5,0.78,0.22,0.61,0.39,SAS,2.0,3.0,22.01,767.33,285.84,35.38,82.91,118.28,68.47,30.39,13.87,57.42,69.15,243.71,106.56,67.13,54.04,50.48,340.69,140.35,81.78,34.97,66.21,0.0,11.19,2.72,0.57,1.12,2.19,0.0,2.9,0.64,12.79,4.94,1.1,2.45,0.44,0.79,29.32,25.49,74.55,0.38,0.69,73.5,0.0,16.41,93.87,0.3,269.98,124.09,78.5,63.28,822.81,35.1,330.42,128.97,29.99,49.65,18.96,86.32,18.88,382.33,148.95,33.7,72.19,64.1
10,1,0.0,1,0.5,0.0,0.0,0.53,0.46,0.68,0.55,0.55,0.56,0.02,0.79,0.58,0.72,0.41,0.46,0.51,0.57,0.54,0.56,0.66,0.4,0.39,0.24,0.38,0.68,0.66,0.64,0.38,0.53,0.54,0.53,0.28,0.51,1.0,0.72,0.39,0.78,0.22,0.88,0.12,0.62,0.38,0.5,0.5,SAS,4.0,5.0,22.53,803.62,338.46,28.35,104.24,132.59,77.05,31.98,16.11,58.3,62.65,271.38,120.77,92.83,76.36,62.67,428.23,163.04,95.16,39.03,74.61,0.15,13.22,2.95,0.63,1.21,2.32,1.0,3.15,0.64,13.96,5.32,1.28,2.42,0.42,0.79,31.82,23.81,65.97,0.35,0.66,82.38,0.15,16.29,109.08,0.39,286.04,127.64,97.02,79.85,842.63,29.33,357.65,138.41,33.86,68.33,22.53,101.58,20.23,452.21,170.56,41.28,77.92,60.71
11,1,0.43,1,,,,0.6,0.6,0.46,0.38,0.88,0.89,0.19,0.59,0.49,0.71,0.39,0.38,0.44,0.35,0.59,0.78,0.67,0.44,0.36,0.41,0.41,0.55,0.68,0.61,0.48,0.44,0.47,0.43,0.36,0.7,1.0,0.88,0.35,0.43,0.57,0.56,0.44,0.31,0.69,0.5,0.5,SAS,1.0,2.0,20.77,743.96,316.36,30.93,82.72,113.64,68.4,28.41,11.55,52.27,57.51,257.52,113.02,78.49,62.81,80.11,348.86,123.7,74.27,31.15,55.57,0.0,11.88,2.43,0.41,1.02,1.92,0.0,2.84,0.53,13.88,4.2,1.49,2.02,0.43,0.82,32.66,29.65,68.28,0.38,0.72,86.79,0.0,15.82,95.1,0.7,337.96,146.95,103.0,84.73,940.93,32.77,419.24,127.87,44.96,111.07,40.61,92.33,16.86,451.34,137.0,49.09,65.2,61.02
2,1,1.0,0,0.0,0.0,0.0,0.04,0.0,0.14,0.22,0.21,0.27,0.07,0.0,0.0,0.0,0.55,0.37,0.51,0.2,0.0,0.26,0.05,0.47,0.43,0.13,0.04,0.12,0.41,0.26,0.4,0.33,0.58,0.54,0.39,0.31,0.0,0.12,0.42,0.09,0.91,0.2,0.8,0.09,0.91,0.11,0.89,SEA,2.37,2.35,13.82,526.28,149.53,19.31,42.14,61.44,32.7,21.19,7.45,40.16,50.51,142.51,54.94,46.23,30.82,29.34,149.53,61.44,32.7,21.19,40.16,0.0,6.42,1.32,0.28,0.83,1.64,0.0,1.39,0.31,5.67,2.49,0.83,1.68,0.39,0.61,27.36,12.97,59.42,0.27,0.51,39.47,0.0,8.85,48.29,0.56,144.11,55.94,50.88,32.4,572.61,20.17,154.24,68.47,24.07,32.0,9.96,39.53,8.85,154.24,68.52,24.07,45.99,45.88
3,1,1.0,1,0.5,0.0,0.0,0.09,0.11,0.24,0.33,0.3,0.35,0.3,0.12,0.19,0.08,0.42,0.46,0.1,0.42,0.07,0.21,0.08,0.25,0.24,0.17,0.02,0.16,0.5,0.35,0.35,0.21,0.21,0.5,0.42,0.21,0.0,0.24,0.19,0.26,0.74,0.27,0.73,0.34,0.66,0.23,0.77,SEA,2.37,2.35,17.49,660.04,198.29,30.28,61.6,91.88,40.54,28.22,15.03,39.56,57.52,188.71,71.23,63.25,43.24,42.24,198.29,91.88,40.54,28.22,39.56,0.0,6.69,1.36,0.52,0.95,1.34,0.0,1.48,0.53,6.91,3.29,0.88,1.44,0.36,0.68,27.11,16.13,57.17,0.34,0.55,41.66,0.0,15.03,64.0,0.49,188.89,72.55,63.24,44.07,634.06,29.76,201.72,93.77,25.14,41.14,12.55,42.08,15.03,201.72,94.19,25.25,41.21,41.0
4,1,0.43,0,0.0,0.0,0.0,0.31,0.28,0.25,0.18,0.54,0.5,0.57,0.24,0.39,0.42,0.47,0.51,0.3,0.57,0.27,0.28,0.16,0.3,0.29,0.05,0.06,0.22,0.25,0.19,0.34,0.1,0.38,0.54,0.4,0.25,0.0,0.08,0.27,0.55,0.45,0.6,0.4,0.5,0.5,0.47,0.53,SEA,0.0,2.0,15.06,553.89,199.96,29.57,54.57,84.14,48.1,24.23,14.72,40.18,49.69,177.45,72.7,47.4,37.5,47.08,211.11,88.1,50.89,26.01,43.02,0.0,7.9,1.97,0.59,1.04,1.69,0.0,2.02,0.62,8.89,3.54,1.03,1.75,0.39,0.78,27.2,19.26,56.62,0.3,0.6,55.22,0.0,16.42,64.95,0.37,220.14,91.08,57.34,45.89,676.85,32.19,247.8,97.14,27.32,56.25,19.74,58.1,17.22,259.45,100.86,29.14,50.01,47.53
5,1,0.57,1,1.0,1.0,1.0,0.5,0.41,0.32,0.24,0.47,0.49,0.48,0.5,0.54,0.54,0.54,0.24,0.25,0.49,0.42,0.42,0.4,0.31,0.3,0.27,0.27,0.48,0.32,0.32,0.23,0.13,0.32,0.27,0.24,0.39,1.0,0.72,0.31,0.54,0.46,0.75,0.25,0.31,0.69,0.44,0.56,SEA,2.37,2.35,19.81,693.99,263.1,33.74,77.4,111.13,61.03,23.68,15.43,46.02,60.33,221.72,97.96,60.59,48.27,55.63,263.1,111.13,61.03,23.68,46.02,0.14,8.52,1.93,0.51,0.79,1.53,1.0,2.19,0.57,10.43,4.58,0.87,1.79,0.42,0.75,29.39,20.41,66.42,0.4,0.62,67.86,0.15,17.07,94.27,0.87,268.65,116.68,80.02,62.66,742.79,40.74,317.15,135.02,25.35,64.56,21.13,69.25,17.21,323.31,138.21,26.62,54.99,53.46
6,1,0.14,1,0.5,0.0,0.0,0.47,0.38,0.57,0.5,0.48,0.39,0.51,0.44,0.51,0.55,0.6,0.62,0.4,0.44,0.46,0.44,0.34,0.27,0.3,0.24,0.17,0.2,0.3,0.21,0.4,0.58,0.37,0.53,0.49,0.38,1.0,0.68,0.38,0.62,0.38,0.75,0.25,0.47,0.53,0.61,0.39,SEA,6.0,2.0,22.71,797.77,308.84,37.95,85.52,123.48,68.75,33.38,16.24,57.47,73.55,251.44,110.33,81.53,65.17,58.83,378.04,153.81,85.17,40.97,71.75,0.13,11.8,2.59,0.63,1.26,2.22,1.0,2.66,0.78,13.21,4.77,1.14,2.19,0.43,0.76,29.41,20.68,62.65,0.38,0.63,70.26,0.19,20.27,85.06,0.23,264.42,119.6,81.56,65.01,775.37,33.61,334.74,118.67,28.76,76.0,30.53,86.3,23.76,412.74,147.11,35.81,68.63,55.81
7,1,0.14,1,0.5,0.0,0.0,0.54,0.44,0.63,0.53,0.36,0.38,0.39,0.61,0.59,0.44,0.58,0.08,0.47,0.62,0.51,0.53,0.54,0.45,0.41,0.21,0.23,0.38,0.32,0.28,0.61,0.64,0.47,0.18,0.62,0.5,1.0,0.68,0.46,0.62,0.38,0.81,0.19,0.39,0.61,0.61,0.39,SEA,1.0,2.0,20.73,728.09,283.81,35.8,84.82,120.62,58.05,21.61,18.36,54.07,67.72,231.14,101.54,77.89,62.74,53.07,306.9,129.65,62.6,23.75,58.43,0.0,9.79,2.04,0.58,0.78,1.92,0.0,2.02,0.6,10.18,4.64,0.76,1.89,0.42,0.76,29.52,24.37,72.99,0.35,0.63,57.86,0.0,18.65,98.44,1.08,242.89,109.49,80.89,64.67,796.04,40.99,303.25,139.43,21.83,55.56,19.6,62.2,19.34,324.34,147.47,23.94,58.96,55.26
8,1,0.43,1,0.5,0.0,0.0,0.65,0.52,0.68,0.59,0.44,0.45,0.41,0.72,0.68,0.42,0.65,0.24,0.71,0.42,0.62,0.64,0.6,0.56,0.54,0.36,0.38,0.31,0.38,0.31,0.45,0.6,0.67,0.37,0.33,0.63,1.0,0.64,0.44,0.54,0.46,0.5,0.5,0.62,0.38,0.5,0.5,SEA,1.0,2.0,17.44,616.59,257.47,30.44,75.37,105.81,48.64,21.74,12.37,47.61,59.47,203.05,93.43,67.82,54.23,47.2,279.51,114.54,53.22,23.12,50.79,0.24,9.67,1.7,0.53,0.81,1.78,2.0,1.79,0.53,9.91,4.39,0.82,1.84,0.43,0.73,25.45,17.73,54.98,0.38,0.54,50.42,0.25,11.85,70.34,0.59,203.06,92.79,65.81,52.32,583.8,29.15,255.64,99.49,21.54,50.51,17.74,54.83,13.38,277.55,107.43,22.93,50.43,47.1
9,1,0.43,1,0.5,0.0,0.0,0.66,0.63,0.74,0.6,0.73,0.73,0.49,0.72,0.72,0.49,0.46,0.3,0.55,0.57,0.68,0.75,0.71,0.42,0.29,0.52,0.48,0.37,0.51,0.43,0.69,0.43,0.5,0.41,0.3,0.69,1.0,0.68,0.39,0.5,0.5,0.69,0.31,0.31,0.69,0.5,0.5,SEA,0.0,2.0,19.9,686.77,303.47,33.61,83.09,116.69,57.16,24.59,16.02,50.39,58.88,238.15,106.96,76.55,63.68,71.87,322.48,124.2,60.39,25.92,53.62,0.14,10.36,1.93,0.56,0.85,1.8,1.0,2.32,0.63,10.28,4.87,1.02,2.1,0.42,0.78,24.56,16.57,50.99,0.42,0.63,49.58,0.14,15.72,76.6,0.24,197.66,90.29,67.69,53.48,599.06,31.91,249.19,108.51,21.37,42.71,15.13,54.34,16.83,275.67,120.84,23.27,49.35,44.19
10,1,0.14,1,0.5,0.0,0.0,0.52,0.5,0.65,0.63,0.37,0.42,0.47,0.72,0.71,0.48,0.66,0.44,0.52,0.5,0.5,0.46,0.54,0.51,0.48,0.4,0.5,0.36,0.51,0.42,0.37,0.57,0.44,0.48,0.33,0.5,1.0,0.64,0.41,0.7,0.3,0.94,0.06,0.39,0.61,0.68,0.32,SEA,1.0,2.0,19.02,679.54,267.79,31.63,80.47,112.1,57.79,27.08,13.99,49.32,62.7,223.14,96.21,77.09,60.31,48.97,288.81,120.32,61.12,30.26,53.59,0.0,10.46,2.02,0.55,1.07,1.88,0.0,2.37,0.61,10.42,4.13,1.0,2.08,0.42,0.75,28.05,19.12,66.18,0.37,0.63,68.93,0.0,15.57,75.48,0.33,227.57,97.2,76.49,60.63,712.95,30.48,271.32,105.96,25.88,51.47,16.29,71.34,15.99,288.06,111.67,27.54,58.12,54.68
11,1,0.14,1,,,,0.55,0.5,0.66,0.58,0.49,0.47,0.35,0.64,0.6,0.5,0.74,0.48,0.64,0.57,0.54,0.51,0.52,0.5,0.46,0.56,0.6,0.36,0.47,0.4,0.44,0.56,0.52,0.64,0.44,0.55,1.0,1.0,0.38,0.62,0.38,0.75,0.25,0.47,0.53,0.68,0.32,SEA,1.0,2.0,20.07,744.75,281.56,33.59,82.19,115.78,62.48,29.71,13.79,53.68,70.74,233.52,101.09,76.54,60.78,52.02,302.83,123.56,67.36,32.31,57.79,0.13,10.14,2.35,0.55,1.47,2.04,1.0,2.65,0.48,12.84,4.67,1.17,2.21,0.43,0.82,30.1,27.17,84.56,0.46,0.74,76.49,0.14,12.94,92.67,1.44,298.64,130.66,88.26,71.69,908.33,40.19,361.12,132.86,33.45,76.04,28.11,82.24,14.05,389.54,144.14,36.21,68.16,63.48
2,0,0.43,0,0.0,0.0,0.0,0.39,0.1,0.21,0.26,0.21,0.22,0.28,0.28,0.3,0.45,0.4,0.31,0.43,0.41,0.26,0.42,0.22,0.15,0.23,0.29,0.18,0.18,0.12,0.07,0.42,0.24,0.43,0.26,0.23,0.35,0.0,0.0,0.92,0.42,0.58,0.4,0.6,0.5,0.5,0.64,0.35,WAS,0.0,2.0,22.78,803.01,286.35,37.24,83.53,120.78,63.3,31.72,17.09,59.16,67.7,235.97,111.12,72.93,50.79,41.25,300.83,126.22,66.55,33.47,62.92,0.0,9.69,2.31,0.58,1.09,2.1,0.0,1.89,0.69,11.66,4.8,1.23,2.19,0.47,0.69,31.14,26.39,78.29,0.43,0.72,56.09,0.0,20.86,98.55,0.51,290.15,138.44,89.64,61.88,908.58,47.15,352.95,145.7,36.84,44.4,14.18,59.92,22.05,371.29,152.38,39.07,69.57,65.05
3,0,1.0,1,1.0,0.0,0.0,0.19,0.24,0.0,0.08,0.25,0.36,0.54,0.41,0.51,0.12,0.21,0.38,0.38,0.42,0.08,0.3,0.3,0.06,0.05,0.27,0.21,0.36,0.45,0.38,0.33,0.02,0.43,0.25,0.24,0.23,0.0,0.16,0.94,0.26,0.74,0.47,0.53,0.09,0.91,0.11,0.89,WAS,2.37,2.35,19.92,701.77,218.47,39.6,81.89,121.49,45.11,28.36,16.37,52.1,54.09,214.68,84.49,56.37,37.87,42.73,218.47,121.49,45.11,28.36,52.1,0.0,7.22,1.5,0.53,0.93,1.76,0.0,1.63,0.63,7.2,4.6,1.02,1.8,0.37,0.62,28.91,19.9,55.79,0.4,0.61,48.36,0.0,19.86,94.65,0.32,220.89,86.36,50.76,33.52,736.1,44.83,217.4,139.48,30.9,38.94,11.16,48.36,19.86,217.4,139.48,30.9,53.09,53.09
4,0,0.29,0,0.0,0.0,0.0,0.33,0.23,0.08,0.02,0.46,0.4,0.42,0.43,0.47,0.43,0.35,0.18,0.2,0.2,0.24,0.28,0.25,0.2,0.19,0.28,0.29,0.24,0.3,0.22,0.18,0.13,0.27,0.2,0.22,0.26,0.0,0.08,1.0,0.55,0.45,0.54,0.46,0.58,0.42,0.59,0.41,WAS,3.0,2.0,18.22,645.91,223.42,33.62,77.58,111.2,52.0,22.9,9.9,43.88,58.67,194.9,83.95,51.69,39.49,42.12,261.26,126.22,61.88,26.33,49.02,0.12,9.66,2.23,0.39,0.95,1.76,1.0,2.4,0.25,10.11,4.72,0.86,1.77,0.41,0.73,27.03,17.02,58.75,0.44,0.57,54.54,0.14,6.08,72.24,0.33,195.93,83.49,55.58,41.92,627.97,32.01,224.97,104.25,19.79,42.85,16.08,65.66,7.13,265.5,119.86,22.52,48.49,43.31
5,0,0.86,1,0.5,0.0,0.0,0.52,0.6,0.14,0.09,0.43,0.5,0.67,0.42,0.56,0.61,0.64,0.14,0.24,0.24,0.38,0.57,0.39,0.5,0.51,0.4,0.37,0.38,0.57,0.47,0.69,0.11,0.36,0.3,0.36,0.57,1.0,0.76,0.9,0.19,0.81,0.12,0.88,0.39,0.61,0.24,0.76,WAS,2.37,2.35,20.55,723.83,261.85,41.47,78.21,119.68,62.92,22.45,10.41,46.98,68.59,242.15,100.89,55.57,43.42,52.08,261.85,119.68,62.92,22.45,46.98,0.0,8.59,2.0,0.33,0.74,1.52,0.0,2.34,0.39,10.81,4.74,0.93,1.82,0.41,0.73,31.31,26.39,79.17,0.49,0.67,74.34,0.0,12.05,95.14,0.41,304.09,126.77,76.73,58.76,860.52,49.32,331.95,144.46,29.41,59.81,19.64,75.04,12.62,339.01,146.3,29.69,57.58,56.45
6,0,0.43,0,0.0,0.0,0.0,0.47,0.47,0.42,0.46,0.2,0.13,0.45,0.48,0.52,0.26,0.56,0.37,0.07,0.42,0.38,0.46,0.37,0.5,0.5,0.27,0.25,0.39,0.54,0.45,0.49,0.37,0.27,0.39,0.3,0.48,1.0,0.72,0.78,0.5,0.5,0.62,0.38,0.39,0.61,0.44,0.56,WAS,1.0,2.0,18.07,683.45,246.72,33.64,75.75,109.38,47.1,26.83,13.43,41.72,65.38,221.06,92.05,71.98,52.33,28.29,265.85,119.62,50.27,28.54,45.49,0.0,9.13,1.71,0.51,0.96,1.56,0.0,1.43,0.52,7.98,3.9,0.91,1.64,0.42,0.7,28.3,20.5,74.31,0.42,0.6,39.99,0.0,13.91,70.25,0.39,191.44,83.17,66.96,46.95,703.69,36.59,222.89,106.84,25.0,24.88,9.6,42.85,15.73,239.73,115.88,26.6,46.64,43.67
7,0,0.57,1,0.5,0.0,0.0,0.42,0.31,0.16,0.19,0.54,0.51,0.11,0.35,0.29,0.43,0.7,0.39,0.12,0.08,0.33,0.39,0.22,0.44,0.42,0.29,0.26,0.0,0.5,0.29,0.53,0.42,0.05,0.44,0.27,0.42,1.0,0.8,0.56,0.47,0.53,0.56,0.44,0.39,0.61,0.44,0.56,WAS,2.37,2.35,22.69,808.06,271.48,31.45,82.33,113.79,62.4,31.05,8.78,50.3,80.61,234.66,101.1,67.28,48.96,58.9,271.48,113.79,62.4,31.05,50.3,0.13,8.41,1.93,0.27,1.0,1.58,1.0,1.95,0.31,9.37,3.89,1.03,1.66,0.41,0.75,28.18,22.48,76.17,0.42,0.67,50.48,0.0,8.72,77.53,0.93,238.29,97.88,68.35,50.36,784.69,32.39,269.36,109.92,30.07,71.92,23.23,53.07,8.87,273.53,111.82,30.65,47.78,47.2
8,0,0.43,0,0.0,0.0,0.0,0.77,0.62,0.58,0.6,0.57,0.53,0.42,0.59,0.59,0.64,0.96,0.64,0.58,0.33,0.69,0.57,0.47,0.84,0.83,0.57,0.53,0.3,0.41,0.32,0.66,0.62,0.37,0.71,0.13,0.7,1.0,0.72,0.38,0.54,0.46,0.75,0.25,0.31,0.69,0.62,0.38,WAS,0.0,2.0,21.08,745.43,309.4,34.19,85.67,119.86,64.67,33.64,13.24,56.68,82.36,245.54,114.48,81.92,59.99,57.89,324.67,129.47,67.91,35.41,60.17,0.0,10.69,2.19,0.45,1.17,1.98,0.0,2.15,0.42,10.89,4.38,1.08,2.01,0.43,0.75,25.96,17.68,70.16,0.44,0.63,55.97,0.0,12.12,76.19,1.25,216.58,98.01,70.22,51.55,653.9,28.93,266.69,105.13,29.31,55.34,19.12,58.74,12.46,278.54,111.71,30.82,54.01,51.57
9,0,0.57,0,0.0,0.0,0.0,0.48,0.58,1.0,0.9,0.46,0.54,0.44,0.62,0.63,0.28,0.9,0.51,0.71,0.46,0.57,0.6,0.6,0.79,0.73,0.42,0.46,0.65,0.68,0.65,0.54,0.93,0.39,0.73,0.24,0.68,1.0,0.8,0.38,0.47,0.53,0.44,0.56,0.55,0.45,0.37,0.63,WAS,2.37,2.35,17.67,634.7,253.4,30.05,73.9,103.96,42.74,26.62,13.23,52.8,68.93,213.74,86.68,81.83,64.93,50.21,253.4,103.96,42.74,26.62,52.8,0.0,8.94,1.39,0.43,1.08,1.73,0.0,1.81,0.65,11.37,5.11,0.95,1.96,0.43,0.82,25.21,15.51,67.65,0.41,0.55,37.49,0.0,11.26,67.36,1.35,196.83,86.74,84.92,65.78,587.82,33.19,251.81,100.55,23.09,37.43,12.56,40.01,12.89,267.46,109.07,24.31,47.53,45.18
10,0,0.71,1,0.5,0.0,0.0,0.5,0.52,0.3,0.46,0.46,0.43,0.57,0.59,0.65,0.32,0.88,0.29,1.0,0.2,0.41,0.62,0.46,0.64,0.65,0.44,0.48,0.22,0.58,0.43,0.52,0.71,0.78,0.54,0.56,0.65,1.0,0.68,0.48,0.23,0.77,0.31,0.69,0.23,0.77,0.25,0.75,WAS,2.37,2.35,17.08,607.89,224.7,28.99,69.95,98.94,45.89,23.33,9.18,54.62,66.93,198.56,83.97,62.18,42.28,41.15,224.7,98.94,45.89,23.33,54.62,0.0,8.17,1.66,0.33,0.83,2.05,0.0,1.99,0.29,8.44,3.42,0.9,1.96,0.41,0.67,29.55,18.62,85.6,0.4,0.57,60.66,0.0,9.0,74.39,1.37,229.94,92.55,90.41,61.49,696.96,32.08,261.76,106.48,27.28,46.89,15.18,60.69,9.0,262.04,106.5,27.3,60.45,60.34
11,0,0.43,1,,,,0.6,0.62,0.74,0.87,0.35,0.37,0.69,0.68,0.77,0.22,0.78,0.68,0.87,0.36,0.57,0.65,0.56,0.66,0.64,0.35,0.36,0.31,0.59,0.46,0.46,1.0,0.79,0.72,0.63,0.67,1.0,0.76,0.67,0.47,0.53,0.62,0.38,0.31,0.69,0.44,0.56,WAS,0.0,2.0,20.67,772.59,298.71,41.16,90.25,131.41,54.82,35.28,13.07,65.3,74.5,251.23,109.68,91.7,64.76,44.79,316.06,139.2,58.18,37.41,69.63,0.13,9.72,1.78,0.43,1.16,2.15,1.0,1.57,0.48,9.19,5.09,1.27,1.77,0.42,0.73,32.39,20.84,71.14,0.4,0.58,49.52,0.19,14.41,103.8,0.3,220.65,96.83,108.68,77.07,752.72,53.12,284.3,156.92,38.68,40.15,13.57,50.54,15.23,296.68,164.61,40.35,57.39,54.75
